file,original_sha256,public_sha256,status
README.md,7f27534030ac990561f146296b6ddcb8b4ad73ca990e08f4940ed96d54f7f113,98a4a4c1d467e8548ecfc5546835549bf30ab5c1bdaf6e361a407a0d0da7b16f,public_release_edit
application/check_output/Supplementary_Data_1.csv,a393973d3f42ce65512b95c25aca0548cf6a8f70a0c96f00563c9ffd208a4777,a393973d3f42ce65512b95c25aca0548cf6a8f70a0c96f00563c9ffd208a4777,retained
application/code/09_prepare_bmi_exposure_controlled_data.R,9a494bbc4d9d112c09b665f67110d113a31cc7b66f8ab3dd6a23fa97f5889906,f7657f06120201b51ce0e43632ed44466e41f99a3c10a36a6b3829614bfee405,public_release_edit
application/code/10_prepare_candidate_traits_controlled_data.R,a3389199388b5e41d06ae56bfc6e336e62e117272e5441f918aac58becce8114,a13a9b42646f5c63308fdbae2cc0d2e01e75c8644f1591a77ceb185b890a3262,public_release_edit
application/code/11_run_uvmr_controlled_data.R,2f62a3c3cf33374125155d278d244bb938eba74d5bff9e8a7a3ed4004fe7c68a,b82bd401be33beb07c20c2a602c05966b1c79ef17d4c6f4efa193e089d775443,public_release_edit
application/code/12_run_mvmr_one_candidate_controlled_data.R,96517a3d8b7f9490f92675e8d4e74371fe8c2e21e0115356539cdfc365b44fb6,a56b3f2123c7db9cdeb95c28f2b1f30eb88eaaf6f03c9de890b659c7389235f5,public_release_edit
application/code/role_assignment/13_eraca_config_controlled_data.R,692f388d308945356a895d0767e8a782c093e918770d80f0d2006f063ad65608,0d19caac7e66bbcb8df106fb1dfebacdf18e350b9e992352875a3990e6714f9a,public_release_edit
application/code/role_assignment/14_prepare_all_trait_instruments.R,cf5a21621d508cf84dfabfba4e02a327e01432786af288a17a37df553eb22ee3,cf5a21621d508cf84dfabfba4e02a327e01432786af288a17a37df553eb22ee3,retained
application/code/role_assignment/15_run_bidirectional_uvmr.R,4c1d8592f3b1038c2c9f197ab31579f8dcfb86be911dc2608cb690639ead2ea5,4c1d8592f3b1038c2c9f197ab31579f8dcfb86be911dc2608cb690639ead2ea5,retained
application/code/role_assignment/16_build_local_marginal_graphs.R,56c13390b51bdb90b2dea45ae41f800fb87ae9193f07bf167c884f8d528dac09,56c13390b51bdb90b2dea45ae41f800fb87ae9193f07bf167c884f8d528dac09,retained
application/code/role_assignment/17_run_local_conditional_learning.R,8d3bf8f9d30b14681b87869dcee460dc7a58b223bd8d9e1b3062b81fbe47cc21,8d3bf8f9d30b14681b87869dcee460dc7a58b223bd8d9e1b3062b81fbe47cc21,retained
application/code/role_assignment/18_assign_roles_and_compare_response.R,db13b27afa639af1c1f3daee1f2a04502c7cbbd2d1b78d179b24dd886844f247,db13b27afa639af1c1f3daee1f2a04502c7cbbd2d1b78d179b24dd886844f247,retained
application/code/role_assignment/19_run_eraca_pipeline.R,e255504e9d3b89ef4c617b50c8c372f4f80b125f2b78de6bb5b34f2cbd643239,e255504e9d3b89ef4c617b50c8c372f4f80b125f2b78de6bb5b34f2cbd643239,retained
application/code/role_assignment/README_SERVER.md,a40756be108e8826a6daea645d02653ab893650740d4eeeff94c5428e611e6af,60e4dd9dec4bab5e8b7d2eb7ee17e6b24e53b1c27c65e7cda4b7c0159ea09feb,public_release_edit
application/code/role_assignment/export_retained_instrument_manifest_12.R,1e03f60ef96d5a7b491b7d082a0490ec136d77c05c3251f573677c4556ef2746,1e03f60ef96d5a7b491b7d082a0490ec136d77c05c3251f573677c4556ef2746,retained
application/code/role_assignment/helpers_eraca.R,7fda552432d29d9232f3530a422d24eef1afa099648f2a6792eb6b6dfca14867,7fda552432d29d9232f3530a422d24eef1afa099648f2a6792eb6b6dfca14867,retained
application/code/role_assignment/literature_edge_evidence.csv,ce2ed56ce051efc8b91f6d91ccc228e3450decb90882bfb343621a547fd1cfb1,ce2ed56ce051efc8b91f6d91ccc228e3450decb90882bfb343621a547fd1cfb1,retained
application/code/role_assignment/tests/test_eraca_synthetic_triads.R,1e5779e05aa05bb84bb97e1b844b5025805c9787e097d3e26d841483107c5e2f,1e5779e05aa05bb84bb97e1b844b5025805c9787e097d3e26d841483107c5e2f,retained
application/collider_remapping_20261006.json,0f43ce7ab185656fa00ee924295264953e5a1cca3e384325cce7ed0c8fb6aa05,0f43ce7ab185656fa00ee924295264953e5a1cca3e384325cce7ed0c8fb6aa05,retained
application/expected/Supplementary_Data_1.csv,a393973d3f42ce65512b95c25aca0548cf6a8f70a0c96f00563c9ffd208a4777,a393973d3f42ce65512b95c25aca0548cf6a8f70a0c96f00563c9ffd208a4777,retained
application/expected/Supplementary_Data_1_README.txt,e11c505ff7d7adf0f688e5a30b0bbeb735a35d091110d0ff8829ea131c2fb8eb,e11c505ff7d7adf0f688e5a30b0bbeb735a35d091110d0ff8829ea131c2fb8eb,retained
application/export_reporting.py,50cad26bac236f6d770b0a6d0d3ed21df401121dbfcdcd86ae34696983367e82,50cad26bac236f6d770b0a6d0d3ed21df401121dbfcdcd86ae34696983367e82,retained
application/provenance/apply_s17_s21_revision_v2.py,32734c3c5d33b0ace0bda49482658493c19c37074e9527751d6fe8b7a2ad3864,a528d63cb5815dd6bbfa8e1e5c265f65e9b39502ec723063fb695da12f10430b,public_release_edit
application/provenance/audit_application_decision_freeze_20260915.py,e845f8519efb8c75f01956a93b0506ea9dfb94eb2c2f0e3a50003fe980ac00ab,e845f8519efb8c75f01956a93b0506ea9dfb94eb2c2f0e3a50003fe980ac00ab,retained
application/provenance/final_application_audit_before_collider_20261006.csv,9bcaba0610d0c17571422ca9c3024602f852b82dcd421169ea2ffdc79d7d693c,9bcaba0610d0c17571422ca9c3024602f852b82dcd421169ea2ffdc79d7d693c,retained
application/remap_collider_reporting.py,027eb1811a67765b968e05f9a2901e8a705eef3f8b807a31e83e1df7efd47e2e,027eb1811a67765b968e05f9a2901e8a705eef3f8b807a31e83e1df7efd47e2e,retained
application/reporting_input/final_application_audit_168.csv,c18cbd9f37a5f8434333d5dae5d67d955e9bdb977595e78a199da8243244e83e,c18cbd9f37a5f8434333d5dae5d67d955e9bdb977595e78a199da8243244e83e,retained
environment/capture_environment.R,52209e146b1ab0353d447afda5ab56f7e0db30ab135914c8d34c0e42ece2e335,52209e146b1ab0353d447afda5ab56f7e0db30ab135914c8d34c0e42ece2e335,retained
environment/current_local_package_versions.csv,744e6b58b3c246d5615885e8442c1042636645df7e53a16be6537a9b09a4ca76,744e6b58b3c246d5615885e8442c1042636645df7e53a16be6537a9b09a4ca76,retained
environment/current_local_sessionInfo.txt,f4cd5525bdb90aa245e0161eedfffa8c1bca542c3c6910bce216c65fc38bf36b,f4cd5525bdb90aa245e0161eedfffa8c1bca542c3c6910bce216c65fc38bf36b,retained
environment/historical_application_sessionInfo.txt,29a269bf4e07135a5cbd9d57ba6aadbff2d53bb17055bf67a68ee2c44d554bc7,29a269bf4e07135a5cbd9d57ba6aadbff2d53bb17055bf67a68ee2c44d554bc7,retained
environment/verification_before_collider_20261006.json,624c7b3844e667cac87bf28d59c5a6dc1a4b3218932f81f89ba5f06327246ed1,624c7b3844e667cac87bf28d59c5a6dc1a4b3218932f81f89ba5f06327246ed1,retained
plotting/collider_revision_20261006/Figure4_collider_revision_20261006.pptx,1094667c07fbb0fe539839c48eb3c8518e084eb89af13d443cb6d0437a85c4a3,89bab69322e9fb2d64816eafd7a720dfb37d39336f6f94ffc950ac05163c5b47,public_release_edit
plotting/collider_revision_20261006/Figure4_vector_export.json,8becdd759c448753c7672e5a07a76639ce3571f2e9d35968596df563be94b0fd,8becdd759c448753c7672e5a07a76639ce3571f2e9d35968596df563be94b0fd,retained
plotting/collider_revision_20261006/Figure5_collider_revision_20261006.R,5c517b7ae4763c6ce34bfda3d5d27a40327f556444d59d48c8f90da95691f217,5c517b7ae4763c6ce34bfda3d5d27a40327f556444d59d48c8f90da95691f217,retained
plotting/collider_revision_20261006/Figure5_collider_revision_20261006.layout.json,df52ef0d55c7197bee15b93497f15a9fce7000534b0f96a18220799563b626e9,df52ef0d55c7197bee15b93497f15a9fce7000534b0f96a18220799563b626e9,retained
plotting/collider_revision_20261006/Figure5_collider_revision_20261006.sessionInfo.txt,7aff5a0c61131cba370edb8a5971bfd725b19490834c217509522f514362ec4b,7aff5a0c61131cba370edb8a5971bfd725b19490834c217509522f514362ec4b,retained
plotting/collider_revision_20261006/Figure5_plotting_input_168.csv,01778de9ee266dff20f85dd277bb91dabb7691d2261175a01b47d8c8f69fe37a,01778de9ee266dff20f85dd277bb91dabb7691d2261175a01b47d8c8f69fe37a,retained
plotting/collider_revision_20261006/README.md,768a078becdd4e75a734a4b927ab033113c94154ae869c0a9165f5bd02e9bcb8,768a078becdd4e75a734a4b927ab033113c94154ae869c0a9165f5bd02e9bcb8,retained
plotting/collider_revision_20261006/export_previews.py,9cb776a7ae37e54d10c8c455f12ea2a56d8da6486fde144febfb740c0cf186ab,9cb776a7ae37e54d10c8c455f12ea2a56d8da6486fde144febfb740c0cf186ab,retained
plotting/collider_revision_20261006/render_workflow.py,95ee40c3b03ef7f47a52a59139a8376790242796abcb482afcd0b339417def91,95ee40c3b03ef7f47a52a59139a8376790242796abcb482afcd0b339417def91,retained
plotting/helpers/audit_panel_alignment.py,43958e6b49d897f326ff64e73cbed0bf057e17c06533b5b57d3dededf8111e76,43958e6b49d897f326ff64e73cbed0bf057e17c06533b5b57d3dededf8111e76,retained
plotting/helpers/panel_alignment.R,aeb2db8355e2026e2f2640d25bf18edfa57fb0165ec2c7811f97bb75ba53d26b,aeb2db8355e2026e2f2640d25bf18edfa57fb0165ec2c7811f97bb75ba53d26b,retained
plotting/manuscript_plotting_v1/R/00_paths.R,de1075c05a948189af47441b098ce7d59e0e28e7c2ea7e7451b48785f9ef4374,2de7f60865d8ce7a1abb232e98cc6af4a0b923d65d033f2427aaa6e2b8718d28,public_release_edit
plotting/manuscript_plotting_v1/R/01_fig_config.R,21b0d7cd520e30824235b13578f242f49666ac2490a9436f166cd50c40c658cf,21b0d7cd520e30824235b13578f242f49666ac2490a9436f166cd50c40c658cf,retained
plotting/manuscript_plotting_v1/R/02_fig_helpers.R,f7257568ea448252ff279204cfb93375d796fbe22e4eca064f6b9c459f29c335,f7257568ea448252ff279204cfb93375d796fbe22e4eca064f6b9c459f29c335,retained
plotting/manuscript_plotting_v1/R/03_figure_manifest.R,31557776884e06c5d7ad1f18b0d675fb95d5e48519ee50bcbca80a2e0d9818b6,31557776884e06c5d7ad1f18b0d675fb95d5e48519ee50bcbca80a2e0d9818b6,retained
plotting/manuscript_plotting_v1/R/04_data_audit.R,2752cc89f328ff151ab1950fc091598feb7d2c76b81487b8dc7b0ca811835d98,2752cc89f328ff151ab1950fc091598feb7d2c76b81487b8dc7b0ca811835d98,retained
plotting/manuscript_plotting_v1/R/05_sensitivity_helpers.R,9613c41de01b5cb657e3d92df64f73bbc3c75abb009c04baa0084f8ce7b6f6ee,9613c41de01b5cb657e3d92df64f73bbc3c75abb009c04baa0084f8ce7b6f6ee,retained
plotting/manuscript_plotting_v1/R/99_render_all.R,96efdd3d3b5376917b68deb7f29957729aff9ab1c9cf5b393d84b0f5f07b1480,96efdd3d3b5376917b68deb7f29957729aff9ab1c9cf5b393d84b0f5f07b1480,retained
plotting/manuscript_plotting_v1/R/Figure3_binary_outcomes_v10_classic_decomposition.R,ae1db913239c49a59c7aa62070cac6ba0506d84abf8836eeb32c1bd5c6b45fa9,9a205c08fa6c08c188e9e1628cd644ceccaefe42f96ad9d4a67fe640f1d7ba95,public_release_edit
plotting/manuscript_plotting_v1/R/Figure4_application_final_v7.R,0de57e2ca868b5fb8a208c75412713af6880d50d97a633deea94d4f087684e30,d46514b5f1d86d363e16c9bccdc6097abad2b0f4b9f7d014ea91ae73db06dd2a,public_release_edit
plotting/manuscript_plotting_v1/R/Figure4_continuous_outcomes_v10_figure2_v1.R,708d4fbc47e2e5a25c4ba53febbadb9ac2efc06c880f8664d20a2a5612c4c37f,cf90e4889852f76c7d262a1ffe9d340a201a8c2d5f26fc5981381d21c76701ba,public_release_edit
plotting/manuscript_plotting_v1/R/S00_supplementary_overview.R,030261c9bfdfd237c0a080a9d402343cd1e4dc79aa073771259a45e81ed1c233,030261c9bfdfd237c0a080a9d402343cd1e4dc79aa073771259a45e81ed1c233,retained
plotting/manuscript_plotting_v1/R/S01_design_theory.R,021c820b09cbf947b5dbccf43fb2621e924b5c52693e35b582f06999f56841ad,021c820b09cbf947b5dbccf43fb2621e924b5c52693e35b582f06999f56841ad,retained
plotting/manuscript_plotting_v1/R/S02_primary_continuous.R,7a26e8285f0a140d05f912530221c708c6ace434e0235bfda8415bb13c55c6c7,7a26e8285f0a140d05f912530221c708c6ace434e0235bfda8415bb13c55c6c7,retained
plotting/manuscript_plotting_v1/R/S03_primary_binary.R,98bb0316c4756ef10557fc62bfbbde117f9ac82619da8a08f26859edc6916c66,98bb0316c4756ef10557fc62bfbbde117f9ac82619da8a08f26859edc6916c66,retained
plotting/manuscript_plotting_v1/R/S04_sample_size.R,b68e94deb3d68feb6797825f1f10be00538a42a7e109ffe924d3b0df242781d8,b68e94deb3d68feb6797825f1f10be00538a42a7e109ffe924d3b0df242781d8,retained
plotting/manuscript_plotting_v1/R/S05_strength.R,97e7bccd09d5f4d1703e7885d5406bce39e2d6514a5fd78dade1371669f0f00c,97e7bccd09d5f4d1703e7885d5406bce39e2d6514a5fd78dade1371669f0f00c,retained
plotting/manuscript_plotting_v1/R/S06_alignment.R,3a812f9cee4ba16e63cda700f35a5b0d7d7d429cd55714c604f83768803fa422,3a812f9cee4ba16e63cda700f35a5b0d7d7d429cd55714c604f83768803fa422,retained
plotting/manuscript_plotting_v1/R/S07_prevalence.R,8dd068f0c03e383bf4489c085dc853dc5cdfbbf7f11ae01d3498f87ea0131df7,8dd068f0c03e383bf4489c085dc853dc5cdfbbf7f11ae01d3498f87ea0131df7,retained
plotting/manuscript_plotting_v1/R/S08_effect_size.R,fa2fc0abba8abce3c60d2b40bf43af56294ba2418f1bc6ca53335abc7db6b014,fa2fc0abba8abce3c60d2b40bf43af56294ba2418f1bc6ca53335abc7db6b014,retained
plotting/manuscript_plotting_v1/R/S09_sample_overlap.R,b71ecc9e6f2466a38f91f467122bde9c8957ad3a90c4fa380dcf31f893446bc3,b71ecc9e6f2466a38f91f467122bde9c8957ad3a90c4fa380dcf31f893446bc3,retained
plotting/manuscript_plotting_v1/R/freeze_Figure4_display_classification_20260916.R,1aeb26933bd88dcedfdd3f97d03a43d248150fc0e3db8714f698dd34a74c7f62,a20b537eab692b19a262b94a56601a637ba635f77847ee4d27d33312121c357c,public_release_edit
plotting/manuscript_plotting_v1/manifest/simulation_scope_decisions_v1.csv,d02bf78978f49a2c3fbc8a9939489f3e62ca53e136b64b5ecd0269ea88715976,d02bf78978f49a2c3fbc8a9939489f3e62ca53e136b64b5ecd0269ea88715976,retained
plotting/manuscript_plotting_v1/manifest/supplementary_figure_manifest_reference_v1.csv,4e3fe07030f4bdbe3dbddce98b9d6712ed1e4fd3ed2f5d0d8f8324ed7b2c05bd,4e3fe07030f4bdbe3dbddce98b9d6712ed1e4fd3ed2f5d0d8f8324ed7b2c05bd,retained
plotting/manuscript_plotting_v1/manifest/supplementary_figure_manifest_v1.csv,c73e5862dfcced062432e4c246b3e67ed8512d3a235c1a37ef76c26c84301c3f,c73e5862dfcced062432e4c246b3e67ed8512d3a235c1a37ef76c26c84301c3f,retained
plotting/manuscript_plotting_v1/plotting_data/FigS10_binary_target_relative_total_logOR_distribution_data.csv,d72d9778109d0ef009aeb3931e7103257feeded22d72dbd3842c1a8f20c345a1,d72d9778109d0ef009aeb3931e7103257feeded22d72dbd3842c1a8f20c345a1,retained
plotting/manuscript_plotting_v1/plotting_data/FigS11_binary_operating_characteristics_data.csv,aa365758a8044ab1463dd197a9519d0b2dd7fa822c41c7cfcb735292d0ac7a17,aa365758a8044ab1463dd197a9519d0b2dd7fa822c41c7cfcb735292d0ac7a17,retained
plotting/manuscript_plotting_v1/plotting_data/FigS12_sample_size_sensitivity_data.csv,c424dfbcedd7327553eb890bf2f7dcd43165105cf9b989675a54cb432f2ed347,c424dfbcedd7327553eb890bf2f7dcd43165105cf9b989675a54cb432f2ed347,retained
plotting/manuscript_plotting_v1/plotting_data/FigS13_conditional_strength_sensitivity_data.csv,50a3d22019d6fc009398858c3859f08773637ac49b1579c4bb1aa0617a23361d,50a3d22019d6fc009398858c3859f08773637ac49b1579c4bb1aa0617a23361d,retained
plotting/manuscript_plotting_v1/plotting_data/FigS14_alignment_sensitivity_data.csv,b8585aae111093a075467a0da6321b863d12ddf3a4b3be4c22de573ce82fb976,b8585aae111093a075467a0da6321b863d12ddf3a4b3be4c22de573ce82fb976,retained
plotting/manuscript_plotting_v1/plotting_data/FigS15_binary_prevalence_sensitivity_data.csv,c04be9488faeba0ae7205b08ba97f580b7224fbad6ac157ad39d814d7283ca7f,c04be9488faeba0ae7205b08ba97f580b7224fbad6ac157ad39d814d7283ca7f,retained
plotting/manuscript_plotting_v1/plotting_data/FigS16_effect_size_sensitivity_data.csv,3775bc097aa79b3f884bba3851ecbfdb3e969d378132d071f40458d256a38b28,3775bc097aa79b3f884bba3851ecbfdb3e969d378132d071f40458d256a38b28,retained
plotting/manuscript_plotting_v1/plotting_data/FigS17_sample_overlap_sensitivity_data.csv,62dba4a42c8da02b6dd79b5015dc01769d79bbd949c4cf9d50fab51729824dd4,62dba4a42c8da02b6dd79b5015dc01769d79bbd949c4cf9d50fab51729824dd4,retained
plotting/manuscript_plotting_v1/plotting_data/FigS18_strength_frozen_settings_data.csv,75b1390f569961b826ea1b2096d79e3ccdad62b084af346681c1f216f5f98747,75b1390f569961b826ea1b2096d79e3ccdad62b084af346681c1f216f5f98747,retained
plotting/manuscript_plotting_v1/plotting_data/FigS18_strength_pilot_grid_data.csv,b2af6d7d01567d8077c99c30db7033f750052bcefd23205e9b3488deeb5cabcd,b2af6d7d01567d8077c99c30db7033f750052bcefd23205e9b3488deeb5cabcd,retained
plotting/manuscript_plotting_v1/plotting_data/FigS3_exact_calibration_data.csv,7532c9c176c3adb471df18499d7dd35dea7587dc26394ac43c8c415603051371,7532c9c176c3adb471df18499d7dd35dea7587dc26394ac43c8c415603051371,retained
plotting/manuscript_plotting_v1/plotting_data/FigS4_binary_scale_calibration_data.csv,1837b8e5233753915ebb2684a3b03829abcd94574100d6a279cce0b1b143dfbd,1837b8e5233753915ebb2684a3b03829abcd94574100d6a279cce0b1b143dfbd,retained
plotting/manuscript_plotting_v1/plotting_data/FigS5_continuous_response_calibration_data.csv,40dd3f6ab3a91e0066ccc78848558ad59d26b37781d58975104fc3811d8b9be5,40dd3f6ab3a91e0066ccc78848558ad59d26b37781d58975104fc3811d8b9be5,retained
plotting/manuscript_plotting_v1/plotting_data/FigS6_continuous_target_relative_distribution_data.csv,f11c8825bffd33de79529eec693c0e9e12e0a6c0cadb7f07295d118cc4dea9d2,f11c8825bffd33de79529eec693c0e9e12e0a6c0cadb7f07295d118cc4dea9d2,retained
plotting/manuscript_plotting_v1/plotting_data/FigS7_continuous_operating_characteristics_data.csv,02657d780b6d8cd2a998a6846efad81fd9089e8d21e8ded400fc132675815aba,02657d780b6d8cd2a998a6846efad81fd9089e8d21e8ded400fc132675815aba,retained
plotting/manuscript_plotting_v1/plotting_data/FigS8_continuous_precision_reliability_data.csv,131a5d704e2aa202d3343ffcad57887f13a15cc298926c6150bd06eaa5db09f3,131a5d704e2aa202d3343ffcad57887f13a15cc298926c6150bd06eaa5db09f3,retained
plotting/manuscript_plotting_v1/plotting_data/FigS9_binary_total_logOR_response_data.csv,fdc80f3fe5b0d3a86584b99d699985a0352924c5661b0c5647c4ba5b2217e0cd,fdc80f3fe5b0d3a86584b99d699985a0352924c5661b0c5647c4ba5b2217e0cd,retained
simulation/00_config.R,71c6814d9a05921252f9a30e47794af5906f0b1cacd8e3ab6d682229d6066fe1,71c6814d9a05921252f9a30e47794af5906f0b1cacd8e3ab6d682229d6066fe1,retained
simulation/01_role_registry.R,4ae79231b07af856f8f6467e745a752ed58322afdb2ae54ad0fe7fab9dcd22bb,4ae79231b07af856f8f6467e745a752ed58322afdb2ae54ad0fe7fab9dcd22bb,retained
simulation/02_instrument_geometry.R,bd8e8fabb57a7497d08913f9aff830030be40ef3fecba3210c8e467386d47534,bd8e8fabb57a7497d08913f9aff830030be40ef3fecba3210c8e467386d47534,retained
simulation/03_dgp_continuous.R,a376f9fd9288dc1b38f6484fe033c18727418b179d311fd032e7f63a788c19cb,a376f9fd9288dc1b38f6484fe033c18727418b179d311fd032e7f63a788c19cb,retained
simulation/04_dgp_binary.R,d0f35a78bcf407a76cf81a1d5ce882d6bdf4be100c6f13fee5ee24b391a734be,d0f35a78bcf407a76cf81a1d5ce882d6bdf4be100c6f13fee5ee24b391a734be,retained
simulation/05_gwas_summary.R,3bec6dec6a67fefaabc3c93bdd2f81e5bfaca1d72807cbedf412317735568155,3bec6dec6a67fefaabc3c93bdd2f81e5bfaca1d72807cbedf412317735568155,retained
simulation/06_ivw_estimators.R,01d1c3300134152a2730dadc2dbcb0fbe7e67ace1db0d9c4895a3c4b203c57d3,01d1c3300134152a2730dadc2dbcb0fbe7e67ace1db0d9c4895a3c4b203c57d3,retained
simulation/07_conditional_strength.R,e8e7a1981f68484329a2203b56ed30f282798ceb1bfd78d422b81c81f289d1e1,e8e7a1981f68484329a2203b56ed30f282798ceb1bfd78d422b81c81f289d1e1,retained
simulation/08_theorem_calibration.R,448b6f953ef4d4d8d6caf9cfa4df4e4ea6ef140db39d21c4dfb078db9a1b0393,448b6f953ef4d4d8d6caf9cfa4df4e4ea6ef140db39d21c4dfb078db9a1b0393,retained
simulation/09_binary_scale_calibration.R,939b7bc755cc966ea8bf940cd285ac5b972ddd100a3bbb258d8f07241906cfca,939b7bc755cc966ea8bf940cd285ac5b972ddd100a3bbb258d8f07241906cfca,retained
simulation/10_run_six_dag_primary.R,28ab08f94d38e971a2abb79c8fe99d3a8282d4792eedacabbee0100245875d88,28ab08f94d38e971a2abb79c8fe99d3a8282d4792eedacabbee0100245875d88,retained
simulation/11_run_sensitivities.R,dca3766578eb9d5e9d26fd3c39414aa7beea957e7fadeb9a26a0492cbfefd2a6,dca3766578eb9d5e9d26fd3c39414aa7beea957e7fadeb9a26a0492cbfefd2a6,retained
simulation/12_summarise_results.R,7c951355c0aee38b4312f7dd7d4bb5aa5ea712efa2071c0a640d8818a23e8736,7c951355c0aee38b4312f7dd7d4bb5aa5ea712efa2071c0a640d8818a23e8736,retained
simulation/13_validation_tests.R,6269d8d29a0913ea696961e87f81873cc8d4958034cda45a698681d92ec21102,6269d8d29a0913ea696961e87f81873cc8d4958034cda45a698681d92ec21102,retained
simulation/14_egger_sensitivity.R,492aea727c73cb55f1d3b9bbc7eace88574a1e261279f93ce42cb74615c77699,492aea727c73cb55f1d3b9bbc7eace88574a1e261279f93ce42cb74615c77699,retained
simulation/94_run_strength_sensitivity.R,fc234a85fb12922761ee18c9807810b915057070867aadaacf1184e765242c9e,fc234a85fb12922761ee18c9807810b915057070867aadaacf1184e765242c9e,retained
simulation/95_run_sensitivities_all.R,1fcf85dfb6316cf35932082a3b0c26da8ad734e84353db74ccaeb29f0eafc925,1fcf85dfb6316cf35932082a3b0c26da8ad734e84353db74ccaeb29f0eafc925,retained
simulation/97_preflight.R,5c88fda45eab232423fb2a35a8610c49cd9c52a8692e89c5a252d90b407a7a05,5c88fda45eab232423fb2a35a8610c49cd9c52a8692e89c5a252d90b407a7a05,retained
simulation/98_pilot_strength.R,7d1b2da0fa0dac25e0aaab14027e3b1d0a4840d90bdf8b2d77991439cc2982e9,7d1b2da0fa0dac25e0aaab14027e3b1d0a4840d90bdf8b2d77991439cc2982e9,retained
simulation/99_run_all.R,c1b5a4e755cd364d5c2f65fa9929cac974af1ac4c606499e14957090a5927efc,c1b5a4e755cd364d5c2f65fa9929cac974af1ac4c606499e14957090a5927efc,retained
simulation/COLLIDER_INTERPRETATION_20261006.md,0dec33177d36e08d60e82041cf554ea822bd000366e0c96ce5f07dff5d73599f,0dec33177d36e08d60e82041cf554ea822bd000366e0c96ce5f07dff5d73599f,retained
simulation/CROSS_VALIDATION_AUDIT.md,b48dbbbf48edc7f804d6199e915cbff7b584b36b7bd8fe8de4cc897978f113cc,6d735d4595678b829a51b2db9ab7a4a50b1bcb8c6ec56220019549f337ee051b,public_release_edit
simulation/README.md,fb4885b9ff9fd147a8fb2e162c99d63e158411c063a53e45da09fa7a68fc57f6,fb4885b9ff9fd147a8fb2e162c99d63e158411c063a53e45da09fa7a68fc57f6,retained
simulation/RUN_SERVER_100_CORES.sh,0d3aba33417331109bc6113d04d3b34fb43ec1a6950eed03cd5306d351b5424b,0d3aba33417331109bc6113d04d3b34fb43ec1a6950eed03cd5306d351b5424b,retained
simulation/SERVER_RUNBOOK.md,4d93d0f15b5f6b7907241ece10ced10dd95e555e7c660078e68d81f1cc1ecef2,4d93d0f15b5f6b7907241ece10ced10dd95e555e7c660078e68d81f1cc1ecef2,retained
simulation/SIMULATION_SPECIFICATION.md,5e6e726b3f126fd771ca743b100c2975dc926c826f8e1db964258ba746eebc80,5e6e726b3f126fd771ca743b100c2975dc926c826f8e1db964258ba746eebc80,retained
simulation/SOURCE_MANIFEST_MD5.tsv,fbacdef78cb8506d33d2d1266bfef9b19d98501f4036e7ccc4d665a23ad3cd33,7b3c8386de6a6138edd7768d2fbf895fc6559b0fd7bde043911a01452549c4c1,public_release_edit
simulation/bootstrap.R,613ed1df8320b5de16b4fe99dda01867b531be28bb8bd6c71b00bcb6693d84e6,613ed1df8320b5de16b4fe99dda01867b531be28bb8bd6c71b00bcb6693d84e6,retained
simulation/simulation_output/summary/primary_scenario_summary.csv,4fffbc658becba6a2e03e87496030bb740511b222e03b6baaf3cbdc8f9690b90,4fffbc658becba6a2e03e87496030bb740511b222e03b6baaf3cbdc8f9690b90,retained
simulation/simulation_output/summary/primary_scenario_summary.rds,5855ab33941c14f515afb58ed5db3197122ffd54f89369ac40f03443b0418784,5855ab33941c14f515afb58ed5db3197122ffd54f89369ac40f03443b0418784,retained
simulation/simulation_output/summary/sensitivity_alignment_scenario_summary.csv,4a2d23dcd1f5e9022e60319f0248cbf8c82d9086bd34534818dac1ded31d4fa0,4a2d23dcd1f5e9022e60319f0248cbf8c82d9086bd34534818dac1ded31d4fa0,retained
simulation/simulation_output/summary/sensitivity_alignment_scenario_summary.rds,0d1b26d8088b9dc3e0bbfe191826a41baf26f0b06db5b878f18888a43ded708b,0d1b26d8088b9dc3e0bbfe191826a41baf26f0b06db5b878f18888a43ded708b,retained
simulation/simulation_output/summary/sensitivity_binary_prevalence_scenario_summary.csv,1f990a1a065960f5f8419d00bdff81f9ecf4dfd5372b281c5bcaf821ca2d0b55,1f990a1a065960f5f8419d00bdff81f9ecf4dfd5372b281c5bcaf821ca2d0b55,retained
simulation/simulation_output/summary/sensitivity_binary_prevalence_scenario_summary.rds,6426407dc7f529413250180f5ee22a6f9ee2eb6dcbb6de5aa4be0fc4a52cf3b6,6426407dc7f529413250180f5ee22a6f9ee2eb6dcbb6de5aa4be0fc4a52cf3b6,retained
simulation/simulation_output/summary/sensitivity_effect_size_005_scenario_summary.csv,5bf14addfc42ac2546aa7b236a3e01260b467aaf2fde50791ea2ff95567a1e0f,5bf14addfc42ac2546aa7b236a3e01260b467aaf2fde50791ea2ff95567a1e0f,retained
simulation/simulation_output/summary/sensitivity_effect_size_005_scenario_summary.rds,50856f567826aeeed4ff6279343992184bd661eecee76f7494e6dcbd4d23a1e2,50856f567826aeeed4ff6279343992184bd661eecee76f7494e6dcbd4d23a1e2,retained
simulation/simulation_output/summary/sensitivity_same_sample_scenario_summary.csv,15bb4809119bbedd5ac5c4ad99da77d3901b270622883cfd4c7083011d1698f4,15bb4809119bbedd5ac5c4ad99da77d3901b270622883cfd4c7083011d1698f4,retained
simulation/simulation_output/summary/sensitivity_same_sample_scenario_summary.rds,db22b290b22d151ffc518cdfa07ea89f0e293d6697fad6721e1d91c91547091b,db22b290b22d151ffc518cdfa07ea89f0e293d6697fad6721e1d91c91547091b,retained
simulation/simulation_output/summary/sensitivity_sample_size_scenario_summary.csv,a7e7315d51809dc8ff13ea5770ee6afe9eea0f7206f328aa34500510c3cab514,a7e7315d51809dc8ff13ea5770ee6afe9eea0f7206f328aa34500510c3cab514,retained
simulation/simulation_output/summary/sensitivity_sample_size_scenario_summary.rds,a08093f1982034b2fe80c6c7314f4dab56bc83a126f77f5062f1427b2b1d701a,a08093f1982034b2fe80c6c7314f4dab56bc83a126f77f5062f1427b2b1d701a,retained
simulation/simulation_output/summary/sensitivity_strength_scenario_summary.csv,d4b4a94ffe138aada4a70dd4dd8155f1ff7cee32b84c4866fe941184f1048a0d,d4b4a94ffe138aada4a70dd4dd8155f1ff7cee32b84c4866fe941184f1048a0d,retained
simulation/simulation_output/summary/sensitivity_strength_scenario_summary.rds,34d8342dc73fd60e084af1df82be86a1fe90913653785089b8a7f1c00c3c06b1,34d8342dc73fd60e084af1df82be86a1fe90913653785089b8a7f1c00c3c06b1,retained
simulation/simulation_output/theorem/binary_scale_calibration.csv,243bf07b8c2c776b4886ae34476053e8c8a63e37b7b9cb36eec9c6d82f1831ba,243bf07b8c2c776b4886ae34476053e8c8a63e37b7b9cb36eec9c6d82f1831ba,retained
simulation/simulation_output/theorem/binary_scale_calibration.rds,530bc7d88cf79172c60c88611abd0f769245c697d510053a2fa42c24b27abd2b,530bc7d88cf79172c60c88611abd0f769245c697d510053a2fa42c24b27abd2b,retained
simulation/simulation_output/theorem/theorem1_exact_calibration.csv,bd6900b07b5f7ae007b8d23acc3a072cfc8a0a8e9315d9bca8debd70ea69cf2c,bd6900b07b5f7ae007b8d23acc3a072cfc8a0a8e9315d9bca8debd70ea69cf2c,retained
simulation/simulation_output/theorem/theorem1_exact_calibration.rds,16af062538dae4603ec4b2c168142591a01fe82d40ff33623bf975f539b660bb,16af062538dae4603ec4b2c168142591a01fe82d40ff33623bf975f539b660bb,retained
simulation/simulation_output/validation/preflight_audit.rds,61954f84a7fc7abfbfccee402d46fe6196d6c32f76c82b3fe33da623f4f775dc,61954f84a7fc7abfbfccee402d46fe6196d6c32f76c82b3fe33da623f4f775dc,retained
simulation/simulation_output/validation/preflight_audit.txt,e7ddef6f465f4409da6cb9ca1f795b1c39940baedd3263b8e19c5c91b2c08671,e7ddef6f465f4409da6cb9ca1f795b1c39940baedd3263b8e19c5c91b2c08671,retained
simulation/simulation_output/validation/strength_calibration_frozen.rds,f801577b2f28cc5cdfe87df7fb9485ffda77eb26f3ef74fc9f31675b51f819a2,f801577b2f28cc5cdfe87df7fb9485ffda77eb26f3ef74fc9f31675b51f819a2,retained
simulation/simulation_output/validation/strength_pilot.rds,c02b1c5144ee604aba0f390b13dcbb9eb2ce9704cade0ca2aeafe17f958ba9a6,c02b1c5144ee604aba0f390b13dcbb9eb2ce9704cade0ca2aeafe17f958ba9a6,retained
simulation/simulation_output/validation/strength_pilot_grid.csv,86cbc9dab7ee9fa6b3ff1a4ebc9ee547ee6b55d52b625b4b9dda2890861008a8,86cbc9dab7ee9fa6b3ff1a4ebc9ee547ee6b55d52b625b4b9dda2890861008a8,retained
simulation/simulation_output/validation/strength_rms_recommendation.csv,83bbb2e68af0afe68d5268731f559cf7fa78fb0d74b0b0c3c05606f24211f33f,83bbb2e68af0afe68d5268731f559cf7fa78fb0d74b0b0c3c05606f24211f33f,retained
simulation/simulation_output/validation/validation_passed.rds,cda4b2355617d7ccf44808d646a31fc41c8e3892333f41214b6fdbd2eff37a7e,cda4b2355617d7ccf44808d646a31fc41c8e3892333f41214b6fdbd2eff37a7e,retained
simulation/validation_python_crosscheck.json,69cc14209ec0d5e3447833e63998c66f113f525e5b88762de3a36a0e9e95c505,69cc14209ec0d5e3447833e63998c66f113f525e5b88762de3a36a0e9e95c505,retained
verification/current_simulation_preflight.log,db57049569f28a8ba112e97ae83be7d6afb8bad9b74f1d6d6d81e2d58cc72d8a,db57049569f28a8ba112e97ae83be7d6afb8bad9b74f1d6d6d81e2d58cc72d8a,retained
verification/current_simulation_preflight_audit.txt,d4c193a6ff306c450c91ba522328d94feb015acb00c966713206515c5572ebb6,d4c193a6ff306c450c91ba522328d94feb015acb00c966713206515c5572ebb6,retained
verification_results.json,0a29f03c844d7f93dde9b4bed976b95fe142cf098a51f5693cfcf6b37766ca22,0a29f03c844d7f93dde9b4bed976b95fe142cf098a51f5693cfcf6b37766ca22,retained
