"package","current_local_version"
"TwoSampleMR","not installed in current local default library"
"MVMR","not installed in current local default library"
"MRSL","not installed in current local default library"
"data.table","not installed in current local default library"
"ieugwasr","not installed in current local default library"
"igraph","not installed in current local default library"
"ggplot2","not installed in current local default library"
"dplyr","not installed in current local default library"
"tidyr","not installed in current local default library"
"readr","not installed in current local default library"
"patchwork","not installed in current local default library"
"scales","not installed in current local default library"
"svglite","not installed in current local default library"
"jsonlite","not installed in current local default library"
"ggrepel","not installed in current local default library"
"ragg","not installed in current local default library"
