"simulation_module","S","residual_mode","beta_x_star","alpha_z_star","delta_xz","delta_struct","delta_scale_target","delta_scale_observed","delta_total","decomposition_error"
"binary_common_scale_exact",0.75,"none",0.1,0.3,0.800661954926258,0.320264781970503,0,0,0.320264781970503,-5.55111512312578e-17
"binary_common_scale_exact",0.75,"reinforce",0.1,0.3,0.800661954926258,0.320264781970503,0.160132390985252,0.160132390985252,0.480397172955755,3.33066907387547e-16
"binary_common_scale_exact",0.75,"partial_offset",0.1,0.3,0.800661954926258,0.320264781970503,-0.160132390985252,-0.160132390985252,0.160132390985252,-1.66533453693773e-16
"binary_common_scale_exact",0.75,"exact_offset",0.1,0.3,0.800661954926258,0.320264781970503,-0.320264781970503,-0.320264781970503,-3.33066907387547e-16,-3.33066907387547e-16
"binary_common_scale_exact",0.75,"scale_only",0.1,0,0.800661954926258,0,0.05,0.05,0.05,-1.38777878078145e-17
"binary_common_scale_exact",1,"none",0.1,0.3,0.800661954926258,0.240198586477878,0,0,0.240198586477878,1.94289029309402e-16
"binary_common_scale_exact",1,"reinforce",0.1,0.3,0.800661954926258,0.240198586477878,0.120099293238939,0.120099293238939,0.360297879716816,1.66533453693773e-16
"binary_common_scale_exact",1,"partial_offset",0.1,0.3,0.800661954926258,0.240198586477878,-0.120099293238939,-0.120099293238939,0.120099293238939,-1.52655665885959e-16
"binary_common_scale_exact",1,"exact_offset",0.1,0.3,0.800661954926258,0.240198586477878,-0.240198586477878,-0.240198586477878,-1.66533453693773e-16,-1.66533453693773e-16
"binary_common_scale_exact",1,"scale_only",0.1,0,0.800661954926258,0,0.05,0.05,0.0500000000000001,9.0205620750794e-17
"binary_common_scale_exact",1.5,"none",0.1,0.3,0.800661954926258,0.160132390985252,0,0,0.160132390985252,-2.77555756156289e-17
"binary_common_scale_exact",1.5,"reinforce",0.1,0.3,0.800661954926258,0.160132390985252,0.0800661954926258,0.0800661954926258,0.240198586477878,1.66533453693773e-16
"binary_common_scale_exact",1.5,"partial_offset",0.1,0.3,0.800661954926258,0.160132390985252,-0.0800661954926258,-0.0800661954926258,0.0800661954926258,-8.32667268468867e-17
"binary_common_scale_exact",1.5,"exact_offset",0.1,0.3,0.800661954926258,0.160132390985252,-0.160132390985252,-0.160132390985252,-1.66533453693773e-16,-1.66533453693773e-16
"binary_common_scale_exact",1.5,"scale_only",0.1,0,0.800661954926258,0,0.05,0.05,0.0500000000000001,8.32667268468867e-17
