"simulation_module","role","instrument_config","n_x_only","n_z_only","n_shared","rho_target","rho_w","delta_xz","alpha_z_true","alpha_z_fit","beta_x_target","beta_unadj","beta_adj","response","predicted_response","identity_error"
"theorem1_exact","confounder","all_summary_classes",30,30,40,0.8,0.8,0.795382225915689,0.3,0.3,0.1,0.338614667774707,0.0999999999999995,0.238614667774707,0.238614667774707,1.38777878078145e-16
"theorem1_exact","collider","all_summary_classes",30,30,40,0.8,0.8,0.795382225915689,0,2.63601414619691e-17,0.1,0.1,0.1,5.55111512312578e-17,2.09663879914734e-17,3.45447632397844e-17
"theorem1_exact","independent_cause","all_summary_classes",30,30,40,0.8,0.8,0.795382225915689,0.3,0.3,0.1,0.338614667774707,0.0999999999999995,0.238614667774707,0.238614667774707,1.38777878078145e-16
"theorem1_exact","upstream_surrogate_exposure","all_summary_classes",30,30,40,0.8,0.8,0.795382225915689,0,2.63601414619691e-17,0.1,0.1,0.1,5.55111512312578e-17,2.09663879914734e-17,3.45447632397844e-17
"theorem1_exact","downstream_surrogate_outcome","all_summary_classes",30,30,40,0.8,0.8,0.795382225915689,0,2.63601414619691e-17,0.1,0.1,0.1,5.55111512312578e-17,2.09663879914734e-17,3.45447632397844e-17
"theorem1_exact","downstream_surrogate_exposure","all_summary_classes",30,30,40,0.8,0.8,0.795382225915689,0,2.63601414619691e-17,0.1,0.1,0.1,5.55111512312578e-17,2.09663879914734e-17,3.45447632397844e-17
"theorem1_exact","confounder","all_summary_classes",30,30,40,0,7.3847919136611e-18,7.53960020174727e-18,0.3,0.3,0.1,0.1,0.1,1.38777878078145e-17,2.26188006052418e-18,1.16159077472903e-17
"theorem1_exact","collider","all_summary_classes",30,30,40,0,7.3847919136611e-18,7.53960020174727e-18,0,-2.35224788827962e-20,0.1,0.1,0.1,-1.38777878078145e-17,-1.77350086530327e-37,-1.38777878078145e-17
"theorem1_exact","independent_cause","all_summary_classes",30,30,40,0,7.3847919136611e-18,7.53960020174727e-18,0.3,0.3,0.1,0.1,0.1,1.38777878078145e-17,2.26188006052418e-18,1.16159077472903e-17
"theorem1_exact","upstream_surrogate_exposure","all_summary_classes",30,30,40,0,7.3847919136611e-18,7.53960020174727e-18,0,-2.35224788827962e-20,0.1,0.1,0.1,-1.38777878078145e-17,-1.77350086530327e-37,-1.38777878078145e-17
"theorem1_exact","downstream_surrogate_outcome","all_summary_classes",30,30,40,0,7.3847919136611e-18,7.53960020174727e-18,0,-2.35224788827962e-20,0.1,0.1,0.1,-1.38777878078145e-17,-1.77350086530327e-37,-1.38777878078145e-17
"theorem1_exact","downstream_surrogate_exposure","all_summary_classes",30,30,40,0,7.3847919136611e-18,7.53960020174727e-18,0,-2.35224788827962e-20,0.1,0.1,0.1,-1.38777878078145e-17,-1.77350086530327e-37,-1.38777878078145e-17
"theorem1_exact","confounder","all_summary_classes",30,30,40,-0.8,-0.8,-0.810413139487418,0.3,0.3,0.1,-0.143123941846225,0.1,-0.243123941846225,-0.243123941846225,-5.55111512312578e-17
"theorem1_exact","collider","all_summary_classes",30,30,40,-0.8,-0.8,-0.810413139487418,0,-3.87515782555565e-17,0.1,0.1,0.1,2.77555756156289e-17,3.14047881941779e-17,-3.64921257854896e-18
"theorem1_exact","independent_cause","all_summary_classes",30,30,40,-0.8,-0.8,-0.810413139487418,0.3,0.3,0.1,-0.143123941846225,0.1,-0.243123941846225,-0.243123941846225,-5.55111512312578e-17
"theorem1_exact","upstream_surrogate_exposure","all_summary_classes",30,30,40,-0.8,-0.8,-0.810413139487418,0,-3.87515782555565e-17,0.1,0.1,0.1,2.77555756156289e-17,3.14047881941779e-17,-3.64921257854896e-18
"theorem1_exact","downstream_surrogate_outcome","all_summary_classes",30,30,40,-0.8,-0.8,-0.810413139487418,0,-3.87515782555565e-17,0.1,0.1,0.1,2.77555756156289e-17,3.14047881941779e-17,-3.64921257854896e-18
"theorem1_exact","downstream_surrogate_exposure","all_summary_classes",30,30,40,-0.8,-0.8,-0.810413139487418,0,-3.87515782555565e-17,0.1,0.1,0.1,2.77555756156289e-17,3.14047881941779e-17,-3.64921257854896e-18
"theorem1_exact","confounder","all_summary_classes",30,30,40,0.95,0.95,0.946784707652543,0.3,0.3,0.1,0.384035412295763,0.0999999999999999,0.284035412295763,0.284035412295763,-2.22044604925031e-16
"theorem1_exact","collider","all_summary_classes",30,30,40,0.95,0.95,0.946784707652543,0,3.78332269006151e-16,0.1,0.1,0.0999999999999998,2.35922392732846e-16,3.58199206706512e-16,-1.22276813973666e-16
"theorem1_exact","independent_cause","all_summary_classes",30,30,40,0.95,0.95,0.946784707652543,0.3,0.3,0.1,0.384035412295763,0.0999999999999999,0.284035412295763,0.284035412295763,-2.22044604925031e-16
"theorem1_exact","upstream_surrogate_exposure","all_summary_classes",30,30,40,0.95,0.95,0.946784707652543,0,3.78332269006151e-16,0.1,0.1,0.0999999999999998,2.35922392732846e-16,3.58199206706512e-16,-1.22276813973666e-16
"theorem1_exact","downstream_surrogate_outcome","all_summary_classes",30,30,40,0.95,0.95,0.946784707652543,0,3.78332269006151e-16,0.1,0.1,0.0999999999999998,2.35922392732846e-16,3.58199206706512e-16,-1.22276813973666e-16
"theorem1_exact","downstream_surrogate_exposure","all_summary_classes",30,30,40,0.95,0.95,0.946784707652543,0,3.78332269006151e-16,0.1,0.1,0.0999999999999998,2.35922392732846e-16,3.58199206706512e-16,-1.22276813973666e-16
"theorem1_exact","confounder","no_x_only",0,60,40,0.8,0.8,1.26712129644422,0.3,0.3,0.1,0.480136388933266,0.1,0.380136388933266,0.380136388933266,-1.11022302462516e-16
"theorem1_exact","collider","no_x_only",0,60,40,0.8,0.8,1.26712129644422,0,1.58640904706193e-17,0.1,0.1,0.1,0,2.01017268840395e-17,-2.01017268840395e-17
"theorem1_exact","independent_cause","no_x_only",0,60,40,0.8,0.8,1.26712129644422,0.3,0.3,0.1,0.480136388933266,0.1,0.380136388933266,0.380136388933266,-1.11022302462516e-16
"theorem1_exact","upstream_surrogate_exposure","no_x_only",0,60,40,0.8,0.8,1.26712129644422,0,1.58640904706193e-17,0.1,0.1,0.1,0,2.01017268840395e-17,-2.01017268840395e-17
"theorem1_exact","downstream_surrogate_outcome","no_x_only",0,60,40,0.8,0.8,1.26712129644422,0,1.58640904706193e-17,0.1,0.1,0.1,0,2.01017268840395e-17,-2.01017268840395e-17
"theorem1_exact","downstream_surrogate_exposure","no_x_only",0,60,40,0.8,0.8,1.26712129644422,0,1.58640904706193e-17,0.1,0.1,0.1,0,2.01017268840395e-17,-2.01017268840395e-17
"theorem1_exact","confounder","no_x_only",0,60,40,0,-4.51616554613781e-18,-7.2449202200761e-18,0.3,0.3,0.1,0.1,0.1,-1.38777878078145e-17,-2.17347606602283e-18,-1.17043117417916e-17
"theorem1_exact","collider","no_x_only",0,60,40,0,-4.51616554613781e-18,-7.2449202200761e-18,0,6.56786950362272e-20,0.1,0.1,0.1,1.38777878078145e-17,-4.75836905696174e-37,1.38777878078145e-17
"theorem1_exact","independent_cause","no_x_only",0,60,40,0,-4.51616554613781e-18,-7.2449202200761e-18,0.3,0.3,0.1,0.1,0.1,-1.38777878078145e-17,-2.17347606602283e-18,-1.17043117417916e-17
"theorem1_exact","upstream_surrogate_exposure","no_x_only",0,60,40,0,-4.51616554613781e-18,-7.2449202200761e-18,0,6.56786950362272e-20,0.1,0.1,0.1,1.38777878078145e-17,-4.75836905696174e-37,1.38777878078145e-17
"theorem1_exact","downstream_surrogate_outcome","no_x_only",0,60,40,0,-4.51616554613781e-18,-7.2449202200761e-18,0,6.56786950362272e-20,0.1,0.1,0.1,1.38777878078145e-17,-4.75836905696174e-37,1.38777878078145e-17
"theorem1_exact","downstream_surrogate_exposure","no_x_only",0,60,40,0,-4.51616554613781e-18,-7.2449202200761e-18,0,6.56786950362272e-20,0.1,0.1,0.1,1.38777878078145e-17,-4.75836905696174e-37,1.38777878078145e-17
"theorem1_exact","confounder","no_x_only",0,60,40,-0.8,-0.8,-1.25724054499231,0.3,0.3,0.1,-0.277172163497692,0.0999999999999997,-0.377172163497692,-0.377172163497692,1.11022302462516e-16
"theorem1_exact","collider","no_x_only",0,60,40,-0.8,-0.8,-1.25724054499231,0,-9.66399491589263e-18,0.1,0.1,0.1,2.77555756156289e-17,1.21499662348597e-17,1.56056093807692e-17
"theorem1_exact","independent_cause","no_x_only",0,60,40,-0.8,-0.8,-1.25724054499231,0.3,0.3,0.1,-0.277172163497692,0.0999999999999997,-0.377172163497692,-0.377172163497692,1.11022302462516e-16
"theorem1_exact","upstream_surrogate_exposure","no_x_only",0,60,40,-0.8,-0.8,-1.25724054499231,0,-9.66399491589263e-18,0.1,0.1,0.1,2.77555756156289e-17,1.21499662348597e-17,1.56056093807692e-17
"theorem1_exact","downstream_surrogate_outcome","no_x_only",0,60,40,-0.8,-0.8,-1.25724054499231,0,-9.66399491589263e-18,0.1,0.1,0.1,2.77555756156289e-17,1.21499662348597e-17,1.56056093807692e-17
"theorem1_exact","downstream_surrogate_exposure","no_x_only",0,60,40,-0.8,-0.8,-1.25724054499231,0,-9.66399491589263e-18,0.1,0.1,0.1,2.77555756156289e-17,1.21499662348597e-17,1.56056093807692e-17
"theorem1_exact","confounder","no_x_only",0,60,40,0.95,0.95,1.5021447982256,0.3,0.3,0.1,0.550643439467681,0.0999999999999989,0.450643439467682,0.450643439467681,1.38777878078145e-15
"theorem1_exact","collider","no_x_only",0,60,40,0.95,0.95,1.5021447982256,0,1.59443321278415e-16,0.1,0.1,0.0999999999999996,3.60822483003176e-16,2.39506955670184e-16,1.21315527332991e-16
"theorem1_exact","independent_cause","no_x_only",0,60,40,0.95,0.95,1.5021447982256,0.3,0.3,0.1,0.550643439467681,0.0999999999999989,0.450643439467682,0.450643439467681,1.38777878078145e-15
"theorem1_exact","upstream_surrogate_exposure","no_x_only",0,60,40,0.95,0.95,1.5021447982256,0,1.59443321278415e-16,0.1,0.1,0.0999999999999996,3.60822483003176e-16,2.39506955670184e-16,1.21315527332991e-16
"theorem1_exact","downstream_surrogate_outcome","no_x_only",0,60,40,0.95,0.95,1.5021447982256,0,1.59443321278415e-16,0.1,0.1,0.0999999999999996,3.60822483003176e-16,2.39506955670184e-16,1.21315527332991e-16
"theorem1_exact","downstream_surrogate_exposure","no_x_only",0,60,40,0.95,0.95,1.5021447982256,0,1.59443321278415e-16,0.1,0.1,0.0999999999999996,3.60822483003176e-16,2.39506955670184e-16,1.21315527332991e-16
"theorem1_exact","confounder","no_z_only",60,0,40,0.8,0.8,0.506174883830418,0.3,0.3,0.1,0.251852465149125,0.0999999999999999,0.151852465149125,0.151852465149125,1.38777878078145e-16
"theorem1_exact","collider","no_z_only",60,0,40,0.8,0.8,0.506174883830418,0,-1.00068181486915e-16,0.1,0.1,0.1,-2.77555756156289e-17,-5.06520001392603e-17,2.28964245236314e-17
"theorem1_exact","independent_cause","no_z_only",60,0,40,0.8,0.8,0.506174883830418,0.3,0.3,0.1,0.251852465149125,0.0999999999999999,0.151852465149125,0.151852465149125,1.38777878078145e-16
"theorem1_exact","upstream_surrogate_exposure","no_z_only",60,0,40,0.8,0.8,0.506174883830418,0,-1.00068181486915e-16,0.1,0.1,0.1,-2.77555756156289e-17,-5.06520001392603e-17,2.28964245236314e-17
"theorem1_exact","downstream_surrogate_outcome","no_z_only",60,0,40,0.8,0.8,0.506174883830418,0,-1.00068181486915e-16,0.1,0.1,0.1,-2.77555756156289e-17,-5.06520001392603e-17,2.28964245236314e-17
"theorem1_exact","downstream_surrogate_exposure","no_z_only",60,0,40,0.8,0.8,0.506174883830418,0,-1.00068181486915e-16,0.1,0.1,0.1,-2.77555756156289e-17,-5.06520001392603e-17,2.28964245236314e-17
"theorem1_exact","confounder","no_z_only",60,0,40,0,-1.44306787379926e-17,-9.28241374752219e-18,0.3,0.3,0.1,0.1,0.1,-4.16333634234434e-17,-2.78472412425666e-18,-3.88486392991867e-17
"theorem1_exact","collider","no_z_only",60,0,40,0,-1.44306787379926e-17,-9.28241374752219e-18,0,-4.48686073478982e-18,0.1,0.1,0.1,0,4.16488977678305e-35,-4.16488977678305e-35
"theorem1_exact","independent_cause","no_z_only",60,0,40,0,-1.44306787379926e-17,-9.28241374752219e-18,0.3,0.3,0.1,0.1,0.1,-4.16333634234434e-17,-2.78472412425666e-18,-3.88486392991867e-17
"theorem1_exact","upstream_surrogate_exposure","no_z_only",60,0,40,0,-1.44306787379926e-17,-9.28241374752219e-18,0,-4.48686073478982e-18,0.1,0.1,0.1,0,4.16488977678305e-35,-4.16488977678305e-35
"theorem1_exact","downstream_surrogate_outcome","no_z_only",60,0,40,0,-1.44306787379926e-17,-9.28241374752219e-18,0,-4.48686073478982e-18,0.1,0.1,0.1,0,4.16488977678305e-35,-4.16488977678305e-35
"theorem1_exact","downstream_surrogate_exposure","no_z_only",60,0,40,0,-1.44306787379926e-17,-9.28241374752219e-18,0,-4.48686073478982e-18,0.1,0.1,0.1,0,4.16488977678305e-35,-4.16488977678305e-35
"theorem1_exact","confounder","no_z_only",60,0,40,-0.8,-0.8,-0.507947978174149,0.3,0.3,0.1,-0.0523843934522447,0.1,-0.152384393452245,-0.152384393452245,-2.77555756156289e-17
"theorem1_exact","collider","no_z_only",60,0,40,-0.8,-0.8,-0.507947978174149,0,-3.99203651071597e-17,0.1,0.1,0.1,2.77555756156289e-17,2.02774687441556e-17,7.47810687147332e-18
"theorem1_exact","independent_cause","no_z_only",60,0,40,-0.8,-0.8,-0.507947978174149,0.3,0.3,0.1,-0.0523843934522447,0.1,-0.152384393452245,-0.152384393452245,-2.77555756156289e-17
"theorem1_exact","upstream_surrogate_exposure","no_z_only",60,0,40,-0.8,-0.8,-0.507947978174149,0,-3.99203651071597e-17,0.1,0.1,0.1,2.77555756156289e-17,2.02774687441556e-17,7.47810687147332e-18
"theorem1_exact","downstream_surrogate_outcome","no_z_only",60,0,40,-0.8,-0.8,-0.507947978174149,0,-3.99203651071597e-17,0.1,0.1,0.1,2.77555756156289e-17,2.02774687441556e-17,7.47810687147332e-18
"theorem1_exact","downstream_surrogate_exposure","no_z_only",60,0,40,-0.8,-0.8,-0.507947978174149,0,-3.99203651071597e-17,0.1,0.1,0.1,2.77555756156289e-17,2.02774687441556e-17,7.47810687147332e-18
"theorem1_exact","confounder","no_z_only",60,0,40,0.95,0.95,0.606001274505275,0.3,0.3,0.1,0.281800382351582,0.0999999999999995,0.181800382351583,0.181800382351582,4.71844785465692e-16
"theorem1_exact","collider","no_z_only",60,0,40,0.95,0.95,0.606001274505275,0,-6.20307240007342e-16,0.1,0.1,0.1,-2.4980018054066e-16,-3.75906978029298e-16,1.26106797488638e-16
"theorem1_exact","independent_cause","no_z_only",60,0,40,0.95,0.95,0.606001274505275,0.3,0.3,0.1,0.281800382351582,0.0999999999999995,0.181800382351583,0.181800382351582,4.71844785465692e-16
"theorem1_exact","upstream_surrogate_exposure","no_z_only",60,0,40,0.95,0.95,0.606001274505275,0,-6.20307240007342e-16,0.1,0.1,0.1,-2.4980018054066e-16,-3.75906978029298e-16,1.26106797488638e-16
"theorem1_exact","downstream_surrogate_outcome","no_z_only",60,0,40,0.95,0.95,0.606001274505275,0,-6.20307240007342e-16,0.1,0.1,0.1,-2.4980018054066e-16,-3.75906978029298e-16,1.26106797488638e-16
"theorem1_exact","downstream_surrogate_exposure","no_z_only",60,0,40,0.95,0.95,0.606001274505275,0,-6.20307240007342e-16,0.1,0.1,0.1,-2.4980018054066e-16,-3.75906978029298e-16,1.26106797488638e-16
"theorem1_exact","confounder","no_shared",50,50,0,0,0,0,0.3,0.3,0.1,0.1,0.1,-1.38777878078145e-17,0,-1.38777878078145e-17
"theorem1_exact","collider","no_shared",50,50,0,0,0,0,0,0,0.1,0.1,0.1,-1.38777878078145e-17,0,-1.38777878078145e-17
"theorem1_exact","independent_cause","no_shared",50,50,0,0,0,0,0.3,0.3,0.1,0.1,0.1,-1.38777878078145e-17,0,-1.38777878078145e-17
"theorem1_exact","upstream_surrogate_exposure","no_shared",50,50,0,0,0,0,0,0,0.1,0.1,0.1,-1.38777878078145e-17,0,-1.38777878078145e-17
"theorem1_exact","downstream_surrogate_outcome","no_shared",50,50,0,0,0,0,0,0,0.1,0.1,0.1,-1.38777878078145e-17,0,-1.38777878078145e-17
"theorem1_exact","downstream_surrogate_exposure","no_shared",50,50,0,0,0,0,0,0,0.1,0.1,0.1,-1.38777878078145e-17,0,-1.38777878078145e-17
