file,sha256
figure5/Figure5.R,199d94e092ea96e05d45b32500c6d1fd0e323f499b2c2c7edcbd576a6b54ecac
figure5/Figure5_plotting_input_168.csv,01778de9ee266dff20f85dd277bb91dabb7691d2261175a01b47d8c8f69fe37a
helpers/audit_panel_alignment.py,43958e6b49d897f326ff64e73cbed0bf057e17c06533b5b57d3dededf8111e76
helpers/panel_alignment.R,aeb2db8355e2026e2f2640d25bf18edfa57fb0165ec2c7811f97bb75ba53d26b
helpers/public_paths.R,fd12fe7dcf83eeeb296621d8716dece8b26762820c98b1f3fd28e52561d73d2b
plotting_data/FigS4_binary_scale_calibration_data.csv,1837b8e5233753915ebb2684a3b03829abcd94574100d6a279cce0b1b143dfbd
plotting_data/FigS5_continuous_response_calibration_data.csv,40dd3f6ab3a91e0066ccc78848558ad59d26b37781d58975104fc3811d8b9be5
plotting_data/FigS6_continuous_target_relative_distribution_data.csv,f11c8825bffd33de79529eec693c0e9e12e0a6c0cadb7f07295d118cc4dea9d2
plotting_data/FigS8_continuous_precision_reliability_data.csv,131a5d704e2aa202d3343ffcad57887f13a15cc298926c6150bd06eaa5db09f3
plotting_data/FigS9_binary_total_logOR_response_data.csv,fdc80f3fe5b0d3a86584b99d699985a0352924c5661b0c5647c4ba5b2217e0cd
plotting_data/Figure3_binary_replicates.rds,1e608e738a13c7d7cd88c1b69d15d66aa4e10e385d8c978d6fc221931be1281d
R/Figure2.R,a4845f91189947ea55713ced59427000ce7721455fa3b87ab2df0421472c7106
R/Figure3.R,5ec61b3bca14641e44fb7a568c4a3f621f29d58e2616caff1aded0b50e76b2bd
README.md,3aaac706023f6bc674eed317806cab8991af8c375e807de9f36f57d79563ae75
