file	md5
00_config.R	703f388344765b87729f2c3c0db99c8d
01_role_registry.R	e0e1d6fe10b46fae57641922e7c6e85c
02_instrument_geometry.R	03fa5a4dd941a61358cf6251767907fd
03_dgp_continuous.R	ba1580d5dd42386e33ad9180f86de871
04_dgp_binary.R	f2b6a945b1d726329bdf003748a42820
05_gwas_summary.R	1adc6a90f4541570febf32711d064ed8
06_ivw_estimators.R	2d196792cb5562faad3ef653bf3fa550
07_conditional_strength.R	997f0a9817e26d0e39fbaca7bb066f84
08_theorem_calibration.R	56342bb0499ad18da8ff0d249fabda34
09_binary_scale_calibration.R	561f0f6e677b53be1c3320934db9eea5
10_run_six_dag_primary.R	2cbaaee4827c94b70eb5e20215f584c9
11_run_sensitivities.R	e51558078b9c42831dcf4c22c6cbd70a
12_summarise_results.R	211b03a83ec0c391b1b6bed96b678c44
13_validation_tests.R	fef9c3b5fbcc9514fd9d703e6e7dc21e
14_egger_sensitivity.R	971165a15ba88bbeb01a7306da820cb8
94_run_strength_sensitivity.R	c3672b0a0c632b866d74455fc2f3444f
95_run_sensitivities_all.R	beb4e0c149bcdd6d1125dbaec93cdf74
97_preflight.R	c6461e4fc097ab9b539d642d1ead5eef
98_pilot_strength.R	6f1dc12a40f3b30e0e04384ab99d36cb
99_run_all.R	0f304f051950d4cc818d409395dc12da
CROSS_VALIDATION_AUDIT.md	acaa76514f98ae18610d561f5d208f53
README.md	8147d16191d8cf10e877807e6f5c5bec
RUN_SERVER_100_CORES.sh	34871c2ec6e614eb3b8f92e616dad11e
SERVER_RUNBOOK.md	769c4ba53ab3b1179932055c837c1ab6
SIMULATION_SPECIFICATION.md	48374bf4c60560fbb8107e905a9c41e6
bootstrap.R	3f904e740f29719bea0f43e68cd6e5b8
validation_python_crosscheck.json	07fbcc4099bdfd82f5b9a07f3a771072
