"scenario_id","role","outcome_type","sample_design","beta_x_target","instrument_config","error_interpretation","n_requested","n_converged","failure_rate","failure_gt_1pct","mean_beta_unadj","mean_beta_adj","mcse_mean_beta_unadj","mcse_mean_beta_adj","bias_unadj","bias_adj","mcse_bias_unadj","mcse_bias_adj","empirical_var_unadj","empirical_var_adj","empirical_sd_unadj","empirical_sd_adj","primary_se_method","mean_model_se_unadj","mean_model_se_adj","median_model_se_unadj","median_model_se_adj","mean_fixed_se_unadj","mean_fixed_se_adj","mean_weighted_lm_se_unadj","mean_weighted_lm_se_adj","variance_ratio_adj_over_unadj","relative_efficiency_unadj_over_adj","rmse_unadj","rmse_adj","coverage_unadj","coverage_adj","type1_error_unadj","type1_error_adj","power_unadj","power_adj","rejection_ci_lower_unadj","rejection_ci_upper_unadj","rejection_ci_lower_adj","rejection_ci_upper_adj","mean_F_x_given_z","mean_F_z_given_x","median_F_min","median_F_min_package","mean_response","mean_role_predicted_response","mean_role_response_error","rmse_role_response_error","mean_rho_w","mean_delta_xz","median_condition_number","max_abs_identity_error"
"collider__binary__bx0.00__all_direct_classes__same_sample","collider","binary","same_sample",0,"all_direct_classes","target-relative total-logOR error (may include scale-dependent variation)",1000,1000,0,FALSE,-0.000703677794137599,-0.00307065878196733,0.00178554608540052,0.00186063380949049,-0.000703677794137599,-0.00307065878196733,0.00178554608540052,0.00186063380949049,0.00318817482308914,0.0034619581730191,0.0564639249706318,0.0588384072950578,"weighted_lm",0.0543885055538847,0.0572766512698853,0.054379755191188,0.0571795068646663,0.0547539635806938,0.0576848712352518,0.0543885055538847,0.0572766512698853,1.0858746352136,0.920916621100824,0.0564400727382948,0.0588890920307094,0.927,0.928,0.073,0.072,NA,NA,0.0584590262124133,0.0908090255342507,0.0575639216809144,0.0897117835827207,27.1229041262534,26.433888236192,26.1702994190341,25.9068354919757,0.00236698098782973,NA,NA,NA,0.313260838809194,0.329594867302904,1.93365927662272,7.58941520739853e-17
"collider__binary__bx0.10__all_direct_classes__same_sample","collider","binary","same_sample",0.1,"all_direct_classes","target-relative total-logOR error (may include scale-dependent variation)",1000,1000,0,FALSE,0.0986281962661778,0.0960175483035774,0.00178472095978497,0.00187206953370419,-0.00137180373382223,-0.0039824516964226,0.00178472095978497,0.00187206953370419,0.0031852289042958,0.00350464433902343,0.0564378322076229,0.059200036647146,"weighted_lm",0.0542356371335289,0.0571711272769039,0.0542417731057498,0.0571287735996435,0.0546572956647189,0.0576354985433872,0.0542356371335289,0.0571711272769039,1.10028021354975,0.908859386622771,0.0564262839541612,0.0593042967768672,0.927,0.934,NA,NA,0.44,0.383,0.40952185388954,0.470937357128726,0.353372731369608,0.413522730116012,27.12549568225,26.4353307196945,26.1847460260695,25.9174338079619,0.00261064796260038,NA,NA,NA,0.315870817867929,0.332124043667353,1.94461390423129,1.23165366794353e-16
"collider__continuous__bx0.00__all_direct_classes__same_sample","collider","continuous","same_sample",0,"all_direct_classes","continuous-outcome bias",1000,1000,0,FALSE,0.00250403568223183,-0.000891123402915689,0.000558615639018481,0.00058768470251299,0.00250403568223183,-0.000891123402915689,0.000558615639018481,0.00058768470251299,0.000312051432156026,0.000345373309567782,0.0176649775588883,0.0185842220597953,"weighted_lm",0.0171725670245268,0.0180622517817054,0.0171839806503297,0.0180616940542079,0.0171708558518092,0.0180901000166865,0.0171725670245268,0.0180622517817054,1.10678328627281,0.903519245730203,0.0178328229796003,0.0185962909521614,0.937,0.935,0.063,0.065,NA,NA,0.0495496632117291,0.0797949237046461,0.0513237705690621,0.0820055093133709,27.0793171226235,24.1464712371253,24.071130633676,23.8302863422383,0.00339515908514752,0,0.00339515908514752,0.00653732089551646,0.313169442444555,0.330236110980765,1.93851484924952,3.12250225675825e-17
"collider__continuous__bx0.10__all_direct_classes__same_sample","collider","continuous","same_sample",0.1,"all_direct_classes","continuous-outcome bias",1000,1000,0,FALSE,0.102520875079175,0.0988194609415181,0.000558598703448116,0.000592997852636924,0.00252087507917488,-0.00118053905848189,0.000558598703448116,0.000592997852636924,0.000312032511493917,0.000351646453232004,0.01766444200913,0.0187522386192157,"weighted_lm",0.0171698894974697,0.0182274431380273,0.0171819351194414,0.0182379763145221,0.0174218022448026,0.0185251645315375,0.0171698894974697,0.0182274431380273,1.1269545328736,0.887347245012731,0.0178346654060912,0.0187800021098873,0.937,0.935,NA,NA,1,1,0.996173241514445,1,0.996173241514445,1,27.0832198826347,24.1464832514016,24.0711103556546,23.8302863422383,0.00370141413765677,0,0.00370141413765677,0.00712453186543343,0.338529905575487,0.360233665126152,2.05454392233912,1.06685493772574e-16
"confounder__binary__bx0.00__all_direct_classes__same_sample","confounder","binary","same_sample",0,"all_direct_classes","target-relative total-logOR error (may include scale-dependent variation)",1000,1000,0,FALSE,0.0887406609776727,0.001775981944013,0.00168918484540288,0.00178399529654274,0.0887406609776727,0.001775981944013,0.00168918484540288,0.00178399529654274,0.00285334544193874,0.00318263921808663,0.0534167150051249,0.0564148847210258,"weighted_lm",0.058235357772436,0.0546124385114203,0.0581547344244555,0.0544067690955978,0.0520837624157447,0.0548584341726425,0.058235357772436,0.0546124385114203,1.11540620750222,0.896534368621944,0.103563492637372,0.0564146318851236,0.678,0.939,0.322,0.061,NA,NA,0.293769113816724,0.351593212204134,0.0477797751260337,0.0775801188242837,26.6030377297774,27.1449312656188,26.3238991090984,26.0616716428073,0.0869646790336597,NA,NA,NA,0.312456962879473,0.296912212959863,1.93002978693827,1.2490009027033e-16
"confounder__binary__bx0.10__all_direct_classes__same_sample","confounder","binary","same_sample",0.1,"all_direct_classes","target-relative total-logOR error (may include scale-dependent variation)",1000,1000,0,FALSE,0.184823713308047,0.0987533696272923,0.00168417729306355,0.00178263151140068,0.084823713308047,-0.00124663037270775,0.00168417729306355,0.00178263151140068,0.00283645315447085,0.00317777510543869,0.053258362296177,0.0563717580481458,"weighted_lm",0.0579486176587971,0.0543850947385412,0.0579331282548957,0.0542525708398676,0.0520104854875415,0.0547709820174182,0.0579486176587971,0.0543850947385412,1.12033406948034,0.892590904125445,0.100143292539651,0.0563573546009694,0.7,0.935,NA,NA,0.913,0.438,0.893913518943307,0.928925578547625,0.407544656438253,0.468929861613956,26.6030377297774,27.1449312656188,26.3238991090984,26.0616716428073,0.0860703436807547,NA,NA,NA,0.31192509679889,0.295959056075163,1.92966452111408,2.63677968348475e-16
"confounder__continuous__bx0.00__all_direct_classes__same_sample","confounder","continuous","same_sample",0,"all_direct_classes","continuous-outcome bias",1000,1000,0,FALSE,0.0929459783089316,0.00310546326244547,0.000615427337501475,0.000545794203223225,0.0929459783089316,0.00310546326244547,0.000615427337501475,0.000545794203223225,0.000378750807744154,0.000297891312272075,0.0194615212083782,0.017259528159022,"weighted_lm",0.0318440549518745,0.0172264541806181,0.0318549730624519,0.017164179876961,0.0176454004695624,0.0185909034975481,0.0318440549518745,0.0172264541806181,0.786510038213041,1.27143958934333,0.0949596068901972,0.0175281865301063,0.053,0.942,0.947,0.058,NA,NA,0.931325383162508,0.959253494751405,0.0451332782349982,0.0742495762662325,26.5748731712089,27.1197733400696,26.280790061553,26.0176176654252,0.0898405150464861,0.0892252936120249,0.000615221434461168,0.0102930522172509,0.313373979950405,0.298277740185525,1.93422718284766,9.71445146547012e-17
"confounder__continuous__bx0.10__all_direct_classes__same_sample","confounder","continuous","same_sample",0.1,"all_direct_classes","continuous-outcome bias",1000,1000,0,FALSE,0.192973481610061,0.103120736311447,0.00061524503960323,0.000545796309506658,0.0929734816100605,0.00312073631144717,0.00061524503960323,0.000545796309506658,0.00037852645875638,0.000297893611471088,0.019455756442667,0.0172595947655525,"weighted_lm",0.0318441314543043,0.0172244165866434,0.0318548221460781,0.0171628612255982,0.0181323628060521,0.0191041712806799,0.0318441314543043,0.0172244165866434,0.786982269217837,1.27067665831134,0.0949853473699701,0.0175309644054513,0.053,0.942,NA,NA,1,1,0.996173241514445,1,0.996173241514445,1,26.5748731712089,27.1197733400696,26.280790061553,26.0176176654252,0.0898527452986133,0.0892352651016555,0.000617480196957862,0.0102941051192072,0.313398208519423,0.298320294947863,1.93427869624626,1.80411241501588e-16
"downstream_surrogate_exposure__binary__bx0.00__all_direct_classes__same_sample","downstream_surrogate_exposure","binary","same_sample",0,"all_direct_classes","target-relative total-logOR error (may include scale-dependent variation)",1000,1000,0,FALSE,0.00158116942658992,0.000442403498883207,0.00177948584188802,0.00182902000695379,0.00158116942658992,0.000442403498883207,0.00177948584188802,0.00182902000695379,0.00316656986147991,0.00334531418583723,0.056272283243884,0.0578386910799098,"weighted_lm",0.0547776784533842,0.0577348670183572,0.0546799936078421,0.0575187393665254,0.0548660623975858,0.0578241809425358,0.0547776784533842,0.0577348670183572,1.05644730171018,0.946568748276601,0.0562663610727938,0.0578114572771455,0.944,0.952,0.056,0.048,NA,NA,0.043374813385442,0.072023348149731,0.0363933010208079,0.0630660886501339,27.0715455837151,26.6684763046797,26.3258750959728,26.0644855430112,0.00113876592770671,NA,NA,NA,0.314289166363608,0.330983762155454,1.93839267016785,8.84708972748172e-17
"downstream_surrogate_exposure__binary__bx0.10__all_direct_classes__same_sample","downstream_surrogate_exposure","binary","same_sample",0.1,"all_direct_classes","target-relative total-logOR error (may include scale-dependent variation)",1000,1000,0,FALSE,0.100674887401661,0.0994431390544627,0.00176883116095363,0.00182801581037951,0.000674887401660502,-0.000556860945537284,0.00176883116095363,0.00182801581037951,0.00312876367596058,0.00334164180299744,0.0559353526489338,0.0578069355959771,"weighted_lm",0.0546601496765085,0.0576140718021441,0.0547545816473399,0.0575480361749729,0.0547791637000919,0.0577398753596738,0.0546601496765085,0.0576140718021441,1.06803905602474,0.936295348338679,0.0559114512894232,0.0577807083316492,0.948,0.95,NA,NA,0.452,0.419,0.421395594018334,0.482971774796279,0.38878656102885,0.44983337384581,27.0715455837151,26.6684763046797,26.3258750959728,26.0644855430112,0.00123174834719779,NA,NA,NA,0.31464289634896,0.330841713676859,1.93916824873692,1.21430643318376e-16
"downstream_surrogate_exposure__continuous__bx0.00__all_direct_classes__same_sample","downstream_surrogate_exposure","continuous","same_sample",0,"all_direct_classes","continuous-outcome bias",1000,1000,0,FALSE,0.00210676365605937,0.00133688375066158,0.000543945643773412,0.000563076985308454,0.00210676365605937,0.00133688375066158,0.000543945643773412,0.000563076985308454,0.000295876863380072,0.000317055691384057,0.0172010715765057,0.0178060577159588,"weighted_lm",0.0171435008988707,0.0180598596143749,0.0171310256731347,0.0180348615569082,0.0171671095306472,0.0180869040076688,0.0171435008988707,0.0180598596143749,1.07157987198472,0.933201552347059,0.0173210692400667,0.0178472937403814,0.946,0.948,0.054,0.052,NA,NA,0.0416213137230627,0.0697921548460524,0.0398730362837774,0.06755573931928,27.0876442968219,26.6806774043558,26.3184517780228,26.0533411613389,0.000769879905397784,0,0.000769879905397784,0.00578904843422397,0.31319388671534,0.329719444493856,1.93741035334788,2.51534904016637e-17
"downstream_surrogate_exposure__continuous__bx0.10__all_direct_classes__same_sample","downstream_surrogate_exposure","continuous","same_sample",0.1,"all_direct_classes","continuous-outcome bias",1000,1000,0,FALSE,0.102124152256213,0.10135425504138,0.000543929661808291,0.000563056963461014,0.00212415225621348,0.00135425504137969,0.000543929661808291,0.000563056963461014,0.000295859476994882,0.000317033144101937,0.017200566182393,0.0178054245695501,"weighted_lm",0.0171408390806275,0.0180573104327864,0.0171277332453972,0.0180316283005259,0.0174179988695568,0.0183514966172947,0.0171408390806275,0.0180573104327864,1.07156663468117,0.933213080395633,0.0173226914861826,0.0178479723687297,0.945,0.948,NA,NA,1,1,0.996173241514445,1,0.996173241514445,1,27.0876442968219,26.6806774043558,26.3184517780228,26.0533411613389,0.000769897214833785,0,0.000769897214833785,0.00578886855822904,0.313234083404269,0.329711483781705,1.93739405466923,9.36750677027476e-17
"downstream_surrogate_outcome__binary__bx0.00__all_direct_classes__same_sample","downstream_surrogate_outcome","binary","same_sample",0,"all_direct_classes","target-relative total-logOR error (may include scale-dependent variation)",1000,1000,0,FALSE,-0.000884482574617617,-0.00113697897437839,0.00168018419923434,0.00167783038054825,-0.000884482574617617,-0.00113697897437839,0.00168018419923434,0.00167783038054825,0.00282301894335673,0.00281511478589069,0.0531320895820664,0.0530576552995955,"weighted_lm",0.0547708178211287,0.0548124694976663,0.0547005458957184,0.0547912953950109,0.0549074813863415,0.0549572581946858,0.0547708178211287,0.0548124694976663,0.997200104701869,1.00280775672298,0.0531128819952201,0.0530433067624274,0.956,0.951,0.044,0.049,NA,NA,0.0329382145884185,0.0585517891504078,0.0372610346473606,0.0641907015066101,26.5517250316278,26.4194717363124,25.9735974108438,25.7136890858219,0.000252496399760775,NA,NA,NA,0.0284983148532507,0.0285258523345733,1.09187975322732,1.13129720435284e-16
"downstream_surrogate_outcome__binary__bx0.10__all_direct_classes__same_sample","downstream_surrogate_outcome","binary","same_sample",0.1,"all_direct_classes","target-relative total-logOR error (may include scale-dependent variation)",1000,1000,0,FALSE,0.0972517581985558,0.0969800374056439,0.00168721661608178,0.00168634481005245,-0.00274824180144421,-0.00301996259435607,0.00168721661608178,0.00168634481005245,0.00284669990958246,0.00284375881839082,0.0533544741290031,0.0533269052016974,"weighted_lm",0.0546089863475077,0.0546536414647654,0.0546545811727799,0.0547324156839813,0.054812060849752,0.054865921001315,0.0546089863475077,0.0546536414647654,0.998966841857219,1.00103422666248,0.0533985584325278,0.0533857212524448,0.959,0.957,NA,NA,0.437,0.431,0.406556246868357,0.467925924700823,0.400628443767472,0.461899648903534,26.5579165388971,26.419829540571,25.9789084278757,25.7187127249656,0.000271720792911861,NA,NA,NA,0.0310368760095241,0.0310186622119895,1.09428369118276,1.67834496300756e-16
"downstream_surrogate_outcome__continuous__bx0.00__all_direct_classes__same_sample","downstream_surrogate_outcome","continuous","same_sample",0,"all_direct_classes","continuous-outcome bias",1000,1000,0,FALSE,0.00217200788451032,0.00177598052522203,0.000562278296754838,0.000559478405972494,0.00217200788451032,0.00177598052522203,0.000562278296754838,0.000559478405972494,0.000316156883001522,0.000313016086749523,0.0177808009662535,0.0176922606455343,"weighted_lm",0.0170803273585262,0.0170606980538017,0.0171030109627891,0.0170586050978068,0.0171765626585191,0.0171944666570556,0.0170803273585262,0.0170606980538017,0.990065703386936,1.01003397711796,0.0179041432179508,0.0177723711836305,0.933,0.936,0.067,0.064,NA,NA,0.0531019196066239,0.0842120532418669,0.0504362008982295,0.0809007325011745,26.6149671845993,24.1751803395782,24.1491271761943,23.9093613153594,0.000396027359288295,0,0.000396027359288295,0.000984088122313567,0.0328253719684681,0.0328661043414964,1.09745643005714,2.60208521396521e-17
"downstream_surrogate_outcome__continuous__bx0.10__all_direct_classes__same_sample","downstream_surrogate_outcome","continuous","same_sample",0.1,"all_direct_classes","continuous-outcome bias",1000,1000,0,FALSE,0.102188774369719,0.101459034254717,0.000562261939770919,0.000560079209827607,0.00218877436971851,0.00145903425471677,0.000562261939770919,0.000560079209827607,0.000316138488914956,0.000313688721281116,0.0177802837130052,0.017711259731626,"weighted_lm",0.017077646938272,0.0170824286445981,0.0171003161130328,0.0170914973713202,0.0174271126940651,0.0174702534964881,0.017077646938272,0.0170824286445981,0.992250966839729,1.00780954961924,0.0179056718295511,0.0177624270164939,0.933,0.939,NA,NA,1,1,0.996173241514445,1,0.996173241514445,1,26.6985507138601,24.1752101543902,24.149172678726,23.9093613153594,0.000729740115001738,0,0.000729740115001738,0.00147935919449139,0.062676401089583,0.0628627779017863,1.14965265244843,1.06251812903579e-16
"independent_cause__binary__bx0.00__all_direct_classes__same_sample","independent_cause","binary","same_sample",0,"all_direct_classes","target-relative total-logOR error (may include scale-dependent variation)",1000,1000,0,FALSE,0.0104118123778677,0.00169441674483555,0.00171274895977074,0.00169052093992944,0.0104118123778677,0.00169441674483555,0.00171274895977074,0.00169052093992944,0.00293350899919576,0.00285786104833992,0.0541618777295965,0.0534589660238572,"weighted_lm",0.0621008370377083,0.0545905921288169,0.0619898714156967,0.0545036258702786,0.0549188932506434,0.0549700681116916,0.0621008370377083,0.0545905921288169,0.974212470158919,1.02647012908475,0.055126956447717,0.0534590893618359,0.972,0.958,0.028,0.042,NA,NA,0.0194422768127709,0.0401701831975931,0.0312208855461654,0.0562844252266031,26.5731608011289,26.6873948869616,26.0589431716776,25.7976645882683,0.00871739563303219,NA,NA,NA,0.0290951914315934,0.0291543864810159,1.09339397858532,7.97972798949331e-17
"independent_cause__binary__bx0.10__all_direct_classes__same_sample","independent_cause","binary","same_sample",0.1,"all_direct_classes","target-relative total-logOR error (may include scale-dependent variation)",1000,1000,0,FALSE,0.107004541829738,0.0983881207985517,0.00172629370312372,0.00169580292683104,0.00700454182973846,-0.00161187920144829,0.00172629370312372,0.00169580292683104,0.00298008994944461,0.0028757475666487,0.0545902001227749,0.0536259971156593,"weighted_lm",0.0618666273820232,0.0544039465399823,0.0616997854406701,0.0543661221380732,0.0548439894739958,0.0548949122825121,0.0618666273820232,0.0544039465399823,0.964986834435868,1.03628356814277,0.0550106668359849,0.053623408821541,0.972,0.956,NA,NA,0.398,0.431,0.368107852863123,0.428672805867931,0.400628443767472,0.461899648903534,26.5731608011289,26.6873948869616,26.0589431716776,25.7976645882683,0.00861642103118676,NA,NA,NA,0.0289847449998752,0.0290003949488285,1.09279642978387,1.56125112837913e-16
"independent_cause__continuous__bx0.00__all_direct_classes__same_sample","independent_cause","continuous","same_sample",0,"all_direct_classes","continuous-outcome bias",1000,1000,0,FALSE,0.0112150382798333,0.00211611920725268,0.000663506792216441,0.000572677858325668,0.0112150382798333,0.00211611920725268,0.000663506792216441,0.000572677858325668,0.000440241263317351,0.000327959929416474,0.0209819270639603,0.0181096639785633,"weighted_lm",0.0349332988082012,0.0171182387012043,0.0348676420143576,0.0170980049663078,0.0185710659595772,0.0185885555401366,0.0349332988082012,0.0171182387012043,0.744954997959973,1.34236296519717,0.023781886083155,0.0182238835045212,0.996,0.936,0.004,0.064,NA,NA,0.00155658814040843,0.0102395562772623,0.0504362008982295,0.0809007325011745,26.565971076558,26.6448920894607,26.0668946828058,25.8074342065316,0.00909891907258058,0.00853617348230025,0.000562745590280325,0.00959241968053499,0.0298988659547861,0.0299783049554768,1.09477895814858,4.59701721133854e-17
"independent_cause__continuous__bx0.10__all_direct_classes__same_sample","independent_cause","continuous","same_sample",0.1,"all_direct_classes","continuous-outcome bias",1000,1000,0,FALSE,0.111231788661437,0.102130840125117,0.000663442361024198,0.000572665772068844,0.0112317886614368,0.00213084012511669,0.000663442361024198,0.000572665772068844,0.000440155766401363,0.000327946086499205,0.0209798895707619,0.0181092817775638,"weighted_lm",0.034927092724468,0.0171159083448003,0.0348632991443135,0.0170964595245877,0.018846530677202,0.0188642900602571,0.034927092724468,0.0171159083448003,0.745068249770839,1.34215892343765,0.0237879946016923,0.0182252193416571,0.996,0.936,NA,NA,0.975,0.999,0.963354710732157,0.983009868706566,0.994357441402042,0.999823453629374,26.565971076558,26.6448920894607,26.0668946828058,25.8074342065316,0.00910094853632012,0.00853423158162945,0.000566716954690676,0.00959099351331968,0.0299112812743875,0.0299850494335746,1.09487151108645,1.17961196366423e-16
"upstream_surrogate_exposure__binary__bx0.00__all_direct_classes__same_sample","upstream_surrogate_exposure","binary","same_sample",0,"all_direct_classes","target-relative total-logOR error (may include scale-dependent variation)",1000,1000,0,FALSE,0.000593971464411939,-0.00144115775395421,0.00161089585243007,0.00168608290990714,0.000593971464411939,-0.00144115775395421,0.00161089585243007,0.00168608290990714,0.00259498544737641,0.00284287557908095,0.0509409996699751,0.0533186231919106,"weighted_lm",0.0517163801164516,0.0544728844823372,0.0517327794559398,0.0544555618211862,0.0521284509213223,0.0549133876813493,0.0517163801164516,0.0544728844823372,1.09552659802203,0.912803031715979,0.0509189872643748,0.0533114400403295,0.95,0.952,0.05,0.048,NA,NA,0.0381302623927488,0.0653138202442508,0.0363933010208079,0.0630660886501339,26.5948762548414,27.1236993090161,26.2661645014552,26.0032631930122,0.00203512921836615,NA,NA,NA,0.312987482538362,0.297287544007574,1.93437778964972,6.93889390390723e-17
"upstream_surrogate_exposure__binary__bx0.10__all_direct_classes__same_sample","upstream_surrogate_exposure","binary","same_sample",0.1,"all_direct_classes","target-relative total-logOR error (may include scale-dependent variation)",1000,1000,0,FALSE,0.0999081244448572,0.0977591439335193,0.00159542365089434,0.00168573183356205,-9.18755551427653e-05,-0.00224085606648075,0.00159542365089434,0.00168573183356205,0.00254537662583304,0.00284169181468448,0.0504517256972746,0.0533075211830796,"weighted_lm",0.0515366640496574,0.0542705571982801,0.0515905221048807,0.0543584198258401,0.052055085752458,0.0548266448653493,0.0515366640496574,0.0542705571982801,1.1164131020314,0.895725783028184,0.0504265772219852,0.0533279622597796,0.951,0.956,NA,NA,0.487,0.436,0.456129764450641,0.517969731269983,0.405567963529432,0.466921861556719,26.5948762548414,27.1236993090161,26.2661645014552,26.0032631930122,0.00214898051133799,NA,NA,NA,0.3124877979859,0.296396005861557,1.93298512905462,1.14491749414469e-16
"upstream_surrogate_exposure__continuous__bx0.00__all_direct_classes__same_sample","upstream_surrogate_exposure","continuous","same_sample",0,"all_direct_classes","continuous-outcome bias",1000,1000,0,FALSE,0.00294442330084894,0.00242377697334199,0.000499762155003693,0.000526756441939663,0.00294442330084894,0.00242377697334199,0.000499762155003693,0.000526756441939663,0.000249762211573935,0.000277472349124933,0.0158038669816579,0.0166575012869558,"weighted_lm",0.016270276529944,0.017136610204069,0.0161932017950033,0.0170658287609648,0.0163120673145841,0.0171801229662664,0.016270276529944,0.017136610204069,1.11094607697608,0.900133697507562,0.016068045243182,0.0168246715151384,0.95,0.952,0.05,0.048,NA,NA,0.0381302623927488,0.0653138202442508,0.0363933010208079,0.0630660886501339,26.5846552451429,27.1345256239527,26.3034671205717,26.0392228453562,0.000520646327506946,0,0.000520646327506946,0.00537522036212823,0.312149633126362,0.296503317788057,1.93155937877941,2.77555756156289e-17
"upstream_surrogate_exposure__continuous__bx0.10__all_direct_classes__same_sample","upstream_surrogate_exposure","continuous","same_sample",0.1,"all_direct_classes","continuous-outcome bias",1000,1000,0,FALSE,0.102961192181753,0.102440241175377,0.000499752073533074,0.000526748245282066,0.00296119218175344,0.00244024117537657,0.000499752073533074,0.000526748245282066,0.000249752135000607,0.000277463713907735,0.0158035481775647,0.0166572420858837,"weighted_lm",0.016268011719489,0.0171339939898577,0.0161917230858337,0.0170638338240293,0.0166044502157798,0.0174878315650044,0.016268011719489,0.0171339939898577,1.11095632438562,0.900125394716144,0.0160708133584733,0.016826794917269,0.95,0.952,NA,NA,1,1,0.996173241514445,1,0.996173241514445,1,26.5846552451429,27.1345256239527,26.3034671205717,26.0392228453562,0.000520951006376863,0,0.000520951006376863,0.00537385401967218,0.312110800570117,0.29642677130731,1.93141211544404,1.12323345069498e-16
