triad_id,candidate,outcome,R,S,Q,raw_role,reporting_role,display_role,mediator_like_flag,role_status,boundary_reason,graph_resolution,mrsl_status,X_to_Z,Z_to_X,Z_to_Y,Y_to_Z,adjustment_decision,decision_status,nsnp_same_set,observed_response_same_set,conditional_F_BMI,conditional_F_candidate,F_min,identity_error
T001_BMI_WC_CAD,WC,CAD,R2,S1,Q2,overlapping_measure,boundary_unresolved,Downstream surrogate of exposure,FALSE,boundary_unresolved,overlapping_measure,conditional,estimated,conditional_supported,not_supported,not_supported,not_supported,Unnecessary,resolved_by_simplified_freeze_rule,302,0.337868556848222,1.11957076072966,1.12889167419436,1.119570761,-1.66533453693773e-16
T002_BMI_WC_HF,WC,HF,R2,S1,Q2,overlapping_measure,boundary_unresolved,Downstream surrogate of exposure,FALSE,boundary_unresolved,overlapping_measure,conditional,estimated,conditional_supported,not_supported,not_supported,not_supported,Unnecessary,resolved_by_simplified_freeze_rule,302,0.527809142307002,1.11957076072966,1.12889167419436,1.119570761,3.33066907387547e-16
T003_BMI_WC_IS,WC,IS,R2,S3,Q2,overlapping_measure,boundary_unresolved,Downstream surrogate of exposure,FALSE,boundary_unresolved,overlapping_measure,marginal_unresolved,error,robust_supported,unstable,robust_supported,not_estimable,Unnecessary,resolved_by_simplified_freeze_rule,262,0.209983180922132,1.15116221018849,1.15936020119256,1.15116221,-8.32667268468867e-17
T004_BMI_WC_TIA,WC,TIA,R2,S3,Q2,overlapping_measure,boundary_unresolved,Downstream surrogate of exposure,FALSE,boundary_unresolved,overlapping_measure,marginal_unresolved,error,robust_supported,unstable,robust_supported,not_estimable,Unnecessary,resolved_by_simplified_freeze_rule,302,-0.349762918432443,1.11957076072966,1.12889167419436,1.119570761,5.55111512312578e-17
T005_BMI_WC_AAA,WC,AAA,R2,S1,Q2,overlapping_measure,boundary_unresolved,Downstream surrogate of exposure,FALSE,boundary_unresolved,overlapping_measure,conditional,estimated,conditional_supported,not_supported,not_supported,not_supported,Unnecessary,resolved_by_simplified_freeze_rule,289,0.673596595856095,1.10605058824066,1.11602529113108,1.106050588,0
T006_BMI_WC_TAA,WC,TAA,R2,S1,Q2,overlapping_measure,boundary_unresolved,Downstream surrogate of exposure,FALSE,boundary_unresolved,overlapping_measure,conditional,estimated,conditional_supported,not_supported,not_supported,not_supported,Unnecessary,resolved_by_simplified_freeze_rule,289,-0.538916268105324,1.13899937227945,1.14922021160558,1.138999372,-1.11022302462516e-16
T007_BMI_WC_PVD,WC,PVD,R2,S1,Q2,overlapping_measure,boundary_unresolved,Downstream surrogate of exposure,FALSE,boundary_unresolved,overlapping_measure,conditional,estimated,conditional_supported,not_supported,conditional_supported,not_supported,Unnecessary,resolved_by_simplified_freeze_rule,302,0.782623102983193,1.11957076072966,1.12889167419436,1.119570761,-3.33066907387547e-16
T008_BMI_WC_PE,WC,PE,R2,S1,Q2,overlapping_measure,boundary_unresolved,Downstream surrogate of exposure,FALSE,boundary_unresolved,overlapping_measure,conditional,estimated,conditional_supported,not_supported,conditional_supported,not_supported,Unnecessary,resolved_by_simplified_freeze_rule,302,0.718955783580619,1.11957076072966,1.12889167419436,1.119570761,-1.11022302462516e-16
T009_BMI_WC_SAH,WC,SAH,R2,S1,Q2,overlapping_measure,boundary_unresolved,Downstream surrogate of exposure,FALSE,boundary_unresolved,overlapping_measure,conditional,estimated,conditional_supported,not_supported,not_supported,not_supported,Unnecessary,resolved_by_simplified_freeze_rule,302,0.0861504365712507,1.11957076072966,1.12889167419436,1.119570761,5.55111512312578e-17
T010_BMI_WC_ICH,WC,ICH,R2,S1,Q2,overlapping_measure,boundary_unresolved,Downstream surrogate of exposure,FALSE,boundary_unresolved,overlapping_measure,conditional,estimated,conditional_supported,not_supported,conditional_supported,not_supported,Unnecessary,resolved_by_simplified_freeze_rule,302,1.46366318234177,1.11957076072966,1.12889167419436,1.119570761,2.22044604925031e-16
T011_BMI_WC_DVT,WC,DVT,R2,S1,Q2,overlapping_measure,boundary_unresolved,Downstream surrogate of exposure,FALSE,boundary_unresolved,overlapping_measure,conditional,estimated,conditional_supported,not_supported,not_supported,not_supported,Unnecessary,resolved_by_simplified_freeze_rule,302,0.275618652676772,1.11957076072966,1.12889167419436,1.119570761,-2.77555756156289e-16
T012_BMI_WC_AVS,WC,AVS,R2,S1,Q2,overlapping_measure,boundary_unresolved,Downstream surrogate of exposure,FALSE,boundary_unresolved,overlapping_measure,conditional,estimated,conditional_supported,not_supported,not_supported,not_supported,Unnecessary,resolved_by_simplified_freeze_rule,270,0.213226311811934,1.03980357579139,1.06024801889402,1.039803576,3.88578058618805e-16
T013_BMI_WC_AF,WC,AF,R2,S1,Q2,overlapping_measure,boundary_unresolved,Downstream surrogate of exposure,FALSE,boundary_unresolved,overlapping_measure,conditional,estimated,conditional_supported,not_supported,conditional_supported,not_supported,Unnecessary,resolved_by_simplified_freeze_rule,302,0.571773964821398,1.11957076072966,1.12889167419436,1.119570761,5.55111512312578e-16
T014_BMI_WC_HTN,WC,HTN,R2,S1,Q2,overlapping_measure,boundary_unresolved,Downstream surrogate of exposure,FALSE,boundary_unresolved,overlapping_measure,conditional,estimated,conditional_supported,not_supported,conditional_supported,not_supported,Unnecessary,resolved_by_simplified_freeze_rule,302,0.23094100811425,1.11957076072966,1.12889167419436,1.119570761,1.11022302462516e-16
T015_BMI_HC_CAD,HC,CAD,R2,S3,Q2,overlapping_measure,boundary_unresolved,Downstream surrogate of exposure,FALSE,boundary_unresolved,overlapping_measure,marginal_unresolved,cyclic_marginal_graph,robust_supported,robust_supported,robust_supported,not_supported,Unnecessary,resolved_by_simplified_freeze_rule,337,-0.640323742524926,4.36853196032464,3.98817524679036,3.988175247,3.33066907387547e-16
T016_BMI_HC_HF,HC,HF,R2,S3,Q2,overlapping_measure,boundary_unresolved,Downstream surrogate of exposure,FALSE,boundary_unresolved,overlapping_measure,marginal_unresolved,cyclic_marginal_graph,robust_supported,robust_supported,robust_supported,not_supported,Unnecessary,resolved_by_simplified_freeze_rule,337,-0.0730995096286911,4.36853196032464,3.98817524679036,3.988175247,6.38378239159465e-16
T017_BMI_HC_IS,HC,IS,R2,S3,Q2,overlapping_measure,boundary_unresolved,Downstream surrogate of exposure,FALSE,boundary_unresolved,overlapping_measure,marginal_unresolved,cyclic_marginal_graph,robust_supported,robust_supported,unstable,not_estimable,Unnecessary,resolved_by_simplified_freeze_rule,294,-0.322151569856194,4.58777624235105,4.10490077004913,4.10490077,-2.22044604925031e-16
T018_BMI_HC_TIA,HC,TIA,R2,S3,Q2,overlapping_measure,boundary_unresolved,Downstream surrogate of exposure,FALSE,boundary_unresolved,overlapping_measure,marginal_unresolved,cyclic_marginal_graph,robust_supported,robust_supported,robust_supported,not_estimable,Unnecessary,resolved_by_simplified_freeze_rule,337,-0.537549842106551,4.36853196032464,3.98817524679036,3.988175247,-2.22044604925031e-16
T019_BMI_HC_AAA,HC,AAA,R2,S3,Q2,overlapping_measure,boundary_unresolved,Downstream surrogate of exposure,FALSE,boundary_unresolved,overlapping_measure,marginal_unresolved,cyclic_marginal_graph,robust_supported,robust_supported,sensitivity_qualified,not_supported,Unnecessary,resolved_by_simplified_freeze_rule,322,0.0633595099656904,4.35283115346445,3.94982164607259,3.949821646,2.77555756156289e-17
T020_BMI_HC_TAA,HC,TAA,R2,S3,Q2,overlapping_measure,boundary_unresolved,Downstream surrogate of exposure,FALSE,boundary_unresolved,overlapping_measure,marginal_unresolved,cyclic_marginal_graph,robust_supported,robust_supported,not_supported,not_estimable,Unnecessary,resolved_by_simplified_freeze_rule,322,0.697527064153106,4.08902406625471,3.69943461861234,3.699434619,0
T021_BMI_HC_PVD,HC,PVD,R2,S3,Q2,overlapping_measure,boundary_unresolved,Downstream surrogate of exposure,FALSE,boundary_unresolved,overlapping_measure,marginal_unresolved,cyclic_marginal_graph,robust_supported,robust_supported,robust_supported,robust_supported,Unnecessary,resolved_by_simplified_freeze_rule,337,-0.647353911115426,4.36853196032464,3.98817524679036,3.988175247,1.11022302462516e-16
T022_BMI_HC_PE,HC,PE,R2,S3,Q2,overlapping_measure,boundary_unresolved,Downstream surrogate of exposure,FALSE,boundary_unresolved,overlapping_measure,marginal_unresolved,cyclic_marginal_graph,robust_supported,robust_supported,robust_supported,not_supported,Unnecessary,resolved_by_simplified_freeze_rule,337,0.149398527193866,4.36853196032464,3.98817524679036,3.988175247,2.77555756156289e-17
T023_BMI_HC_SAH,HC,SAH,R2,S3,Q2,overlapping_measure,boundary_unresolved,Downstream surrogate of exposure,FALSE,boundary_unresolved,overlapping_measure,marginal_unresolved,cyclic_marginal_graph,robust_supported,robust_supported,robust_supported,not_estimable,Unnecessary,resolved_by_simplified_freeze_rule,337,-0.642135486955567,4.36853196032464,3.98817524679036,3.988175247,1.11022302462516e-16
T024_BMI_HC_ICH,HC,ICH,R2,S3,Q2,overlapping_measure,boundary_unresolved,Downstream surrogate of exposure,FALSE,boundary_unresolved,overlapping_measure,marginal_unresolved,cyclic_marginal_graph,robust_supported,robust_supported,unstable,not_supported,Unnecessary,resolved_by_simplified_freeze_rule,337,-0.324248173024313,4.36853196032464,3.98817524679036,3.988175247,-1.66533453693773e-16
T025_BMI_HC_DVT,HC,DVT,R2,S3,Q2,overlapping_measure,boundary_unresolved,Downstream surrogate of exposure,FALSE,boundary_unresolved,overlapping_measure,marginal_unresolved,cyclic_marginal_graph,robust_supported,robust_supported,robust_supported,not_supported,Unnecessary,resolved_by_simplified_freeze_rule,337,-0.0165072149412278,4.36853196032464,3.98817524679036,3.988175247,-1.04083408558608e-17
T026_BMI_HC_AVS,HC,AVS,R2,S3,Q2,overlapping_measure,boundary_unresolved,Downstream surrogate of exposure,FALSE,boundary_unresolved,overlapping_measure,marginal_unresolved,cyclic_marginal_graph,robust_supported,robust_supported,robust_supported,not_supported,Unnecessary,resolved_by_simplified_freeze_rule,299,-0.275547186961832,4.36665457488505,4.15674022251906,4.156740223,5.55111512312578e-17
T027_BMI_HC_AF,HC,AF,R2,S3,Q2,overlapping_measure,boundary_unresolved,Downstream surrogate of exposure,FALSE,boundary_unresolved,overlapping_measure,marginal_unresolved,cyclic_marginal_graph,robust_supported,robust_supported,robust_supported,not_supported,Unnecessary,resolved_by_simplified_freeze_rule,337,0.511634184828688,4.36853196032464,3.98817524679036,3.988175247,0
T028_BMI_HC_HTN,HC,HTN,R2,S3,Q2,overlapping_measure,boundary_unresolved,Downstream surrogate of exposure,FALSE,boundary_unresolved,overlapping_measure,marginal_unresolved,cyclic_marginal_graph,robust_supported,robust_supported,unstable,unstable,Unnecessary,resolved_by_simplified_freeze_rule,337,-0.438772711679168,4.36853196032464,3.98817524679036,3.988175247,-5.55111512312578e-17
T029_BMI_SBP_CAD,SBP,CAD,R2,S1,Q1,mediator_out_of_library,boundary_unresolved,Downstream surrogate of exposure,TRUE,boundary_unresolved,mediator_like_pathway,conditional,estimated,conditional_supported,not_supported,conditional_supported,not_supported,Overadjustment,resolved_target_consequence_boundary_role,335,0.178412859615152,39.3412712112145,20.6946459637329,20.69464596,2.77555756156289e-17
T030_BMI_SBP_HF,SBP,HF,R2,S1,Q1,mediator_out_of_library,boundary_unresolved,Downstream surrogate of exposure,TRUE,boundary_unresolved,mediator_like_pathway,conditional,estimated,conditional_supported,not_supported,conditional_supported,not_supported,Overadjustment,resolved_target_consequence_boundary_role,335,0.170212509791822,39.3412712112145,20.6946459637329,20.69464596,2.4980018054066e-16
T031_BMI_SBP_IS,SBP,IS,R2,S3,Q1,mediator_out_of_library,boundary_unresolved,Downstream surrogate of exposure,TRUE,boundary_unresolved,mediator_like_pathway,marginal_unresolved,error,robust_supported,unstable,robust_supported,not_estimable,Unclassified,unclassified_structure,292,0.204210294257708,39.2049687634172,19.54145995369,19.54145995,-8.32667268468867e-17
T032_BMI_SBP_TIA,SBP,TIA,R2,S3,Q1,downstream_surrogate_of_exposure,boundary_unresolved,Downstream surrogate of exposure,FALSE,boundary_unresolved,insufficiently_informative,marginal_unresolved,error,robust_supported,unstable,unstable,not_estimable,Unnecessary,resolved_by_simplified_freeze_rule,335,0.167425254596379,39.3412712112145,20.6946459637329,20.69464596,-1.66533453693773e-16
T033_BMI_SBP_AAA,SBP,AAA,R2,S1,Q1,mediator_out_of_library,boundary_unresolved,Downstream surrogate of exposure,TRUE,boundary_unresolved,mediator_like_pathway,conditional,estimated,conditional_supported,not_supported,conditional_supported,not_supported,Overadjustment,resolved_target_consequence_boundary_role,318,0.11305238043472,39.9203104989456,20.0213711607532,20.02137116,-2.35922392732846e-16
T034_BMI_SBP_TAA,SBP,TAA,R2,S1,Q1,downstream_surrogate_of_exposure,downstream_surrogate_of_exposure,Downstream surrogate of exposure,FALSE,resolved_six_role,,conditional,estimated,conditional_supported,not_supported,not_supported,not_supported,Unnecessary,resolved_target_decision,319,0.100538860449249,39.456329896876,20.9939985906214,20.99399859,-1.80411241501588e-16
T035_BMI_SBP_PVD,SBP,PVD,R2,S1,Q1,mediator_out_of_library,boundary_unresolved,Downstream surrogate of exposure,TRUE,boundary_unresolved,mediator_like_pathway,conditional,estimated,conditional_supported,not_supported,conditional_supported,not_supported,Overadjustment,resolved_target_consequence_boundary_role,335,0.154511845774989,39.3412712112145,20.6946459637329,20.69464596,-2.4980018054066e-16
T036_BMI_SBP_PE,SBP,PE,R2,S1,Q1,mediator_out_of_library,boundary_unresolved,Downstream surrogate of exposure,TRUE,boundary_unresolved,mediator_like_pathway,conditional,estimated,conditional_supported,not_supported,conditional_supported,not_supported,Overadjustment,resolved_target_consequence_boundary_role,335,0.0564018036877774,39.3412712112145,20.6946459637329,20.69464596,-9.0205620750794e-17
T037_BMI_SBP_SAH,SBP,SAH,R2,S1,Q1,mediator_out_of_library,boundary_unresolved,Downstream surrogate of exposure,TRUE,boundary_unresolved,mediator_like_pathway,conditional,estimated,conditional_supported,not_supported,conditional_supported,not_supported,Overadjustment,resolved_target_consequence_boundary_role,335,0.178993745487839,39.3412712112145,20.6946459637329,20.69464596,-8.32667268468867e-17
T038_BMI_SBP_ICH,SBP,ICH,R2,S1,Q1,mediator_out_of_library,boundary_unresolved,Downstream surrogate of exposure,TRUE,boundary_unresolved,mediator_like_pathway,conditional,estimated,conditional_supported,not_supported,conditional_supported,not_supported,Overadjustment,resolved_target_consequence_boundary_role,335,0.143940465851018,39.3412712112145,20.6946459637329,20.69464596,-2.77555756156289e-17
T039_BMI_SBP_DVT,SBP,DVT,R2,S1,Q1,mediator_out_of_library,boundary_unresolved,Downstream surrogate of exposure,TRUE,boundary_unresolved,mediator_like_pathway,conditional,estimated,conditional_supported,not_supported,conditional_supported,not_supported,Overadjustment,resolved_target_consequence_boundary_role,335,0.0684643343529958,39.3412712112145,20.6946459637329,20.69464596,-3.7470027081099e-16
T040_BMI_SBP_AVS,SBP,AVS,R2,S1,Q1,mediator_out_of_library,boundary_unresolved,Downstream surrogate of exposure,TRUE,boundary_unresolved,mediator_like_pathway,conditional,estimated,conditional_supported,not_supported,conditional_supported,not_supported,Overadjustment,resolved_target_consequence_boundary_role,301,0.19743718137763,39.6194622503031,20.6903325294974,20.69033253,-1.11022302462516e-16
T041_BMI_SBP_AF,SBP,AF,R2,S1,Q1,mediator_out_of_library,boundary_unresolved,Downstream surrogate of exposure,TRUE,boundary_unresolved,mediator_like_pathway,conditional,estimated,conditional_supported,not_supported,conditional_supported,not_supported,Overadjustment,resolved_target_consequence_boundary_role,335,0.141760462375151,39.3412712112145,20.6946459637329,20.69464596,5.55111512312578e-17
T042_BMI_SBP_HTN,SBP,HTN,R2,S1,Q1,collider,collider,Collider,FALSE,resolved_six_role,,conditional,estimated,conditional_supported,not_supported,not_supported,conditional_supported,Overadjustment,resolved_target_decision,335,0.229230396123069,39.3412712112145,20.6946459637329,20.69464596,-8.32667268468867e-17
T043_BMI_DBP_CAD,DBP,CAD,R2,S1,Q1,independent_cause,independent_cause,Independent cause,FALSE,resolved_six_role,,conditional,estimated,not_supported,not_supported,conditional_supported,not_supported,Unnecessary,resolved_by_simplified_freeze_rule,314,0.25087729399985,34.7944879252463,17.7971887879056,17.79718879,5.55111512312578e-17
T044_BMI_DBP_HF,DBP,HF,R2,S1,Q1,independent_cause,independent_cause,Independent cause,FALSE,resolved_six_role,,conditional,estimated,not_supported,not_supported,conditional_supported,not_supported,Unnecessary,resolved_by_simplified_freeze_rule,314,0.233004445508519,34.7944879252463,17.7971887879056,17.79718879,5.55111512312578e-17
T045_BMI_DBP_IS,DBP,IS,R2,S3,Q1,independent_cause,boundary_unresolved,Independent cause,FALSE,boundary_unresolved,insufficiently_informative,marginal_unresolved,error,unstable,unstable,robust_supported,not_estimable,Unnecessary,resolved_by_simplified_freeze_rule,274,0.239128358873195,32.8794923453989,16.2274785593676,16.22747856,0
T046_BMI_DBP_TIA,DBP,TIA,R2,S3,Q1,independent_cause,boundary_unresolved,Independent cause,FALSE,boundary_unresolved,insufficiently_informative,marginal_unresolved,error,unstable,unstable,robust_supported,not_estimable,Unnecessary,resolved_by_simplified_freeze_rule,314,0.181550834917952,34.7944879252463,17.7971887879056,17.79718879,-1.66533453693773e-16
T047_BMI_DBP_AAA,DBP,AAA,R2,S1,Q1,independent_cause,independent_cause,Independent cause,FALSE,resolved_six_role,,conditional,estimated,not_supported,not_supported,conditional_supported,not_supported,Unnecessary,resolved_by_simplified_freeze_rule,296,0.245528599765305,35.6252882770369,17.6037690576633,17.60376906,3.05311331771918e-16
T048_BMI_DBP_TAA,DBP,TAA,R2,S1,Q1,independent_cause,independent_cause,Independent cause,FALSE,resolved_six_role,,conditional,estimated,not_supported,not_supported,conditional_supported,not_supported,Unnecessary,resolved_by_simplified_freeze_rule,298,0.395725819229286,34.8284456811265,17.8392654006427,17.8392654,3.33066907387547e-16
T049_BMI_DBP_PVD,DBP,PVD,R2,S3,Q1,feedback_or_cycle,boundary_unresolved,Independent cause,FALSE,boundary_unresolved,feedback_or_cycle,marginal_unresolved,cyclic_marginal_graph,unstable,unstable,robust_supported,sensitivity_qualified,Unnecessary,resolved_by_simplified_freeze_rule,314,0.187114596648081,34.7944879252463,17.7971887879056,17.79718879,-3.88578058618805e-16
T050_BMI_DBP_PE,DBP,PE,R2,S1,Q1,independent_cause,independent_cause,Independent cause,FALSE,resolved_six_role,,conditional,estimated,not_supported,not_supported,conditional_supported,not_supported,Unnecessary,resolved_by_simplified_freeze_rule,314,0.180101271821191,34.7944879252463,17.7971887879056,17.79718879,-5.55111512312578e-17
T051_BMI_DBP_SAH,DBP,SAH,R2,S1,Q1,independent_cause,independent_cause,Independent cause,FALSE,resolved_six_role,,conditional,estimated,not_supported,not_supported,conditional_supported,not_supported,Unnecessary,resolved_by_simplified_freeze_rule,314,0.22382866777909,34.7944879252463,17.7971887879056,17.79718879,-2.22044604925031e-16
T052_BMI_DBP_ICH,DBP,ICH,R2,S1,Q1,independent_cause,independent_cause,Independent cause,FALSE,resolved_six_role,,conditional,estimated,not_supported,not_supported,conditional_supported,not_supported,Unnecessary,resolved_by_simplified_freeze_rule,314,0.212570158490164,34.7944879252463,17.7971887879056,17.79718879,-2.77555756156289e-17
T053_BMI_DBP_DVT,DBP,DVT,R2,S1,Q1,independent_cause,independent_cause,Independent cause,FALSE,resolved_six_role,,conditional,estimated,not_supported,not_supported,conditional_supported,not_supported,Unnecessary,resolved_by_simplified_freeze_rule,314,0.143565889811936,34.7944879252463,17.7971887879056,17.79718879,2.77555756156289e-17
T054_BMI_DBP_AVS,DBP,AVS,R2,S1,Q1,independent_cause,independent_cause,Independent cause,FALSE,resolved_six_role,,conditional,estimated,not_supported,not_supported,conditional_supported,not_supported,Unnecessary,resolved_by_simplified_freeze_rule,281,0.195326693786612,35.2350817037584,17.3470867053084,17.34708671,1.66533453693773e-16
T055_BMI_DBP_AF,DBP,AF,R2,S1,Q1,independent_cause,independent_cause,Independent cause,FALSE,resolved_six_role,,conditional,estimated,not_supported,not_supported,conditional_supported,not_supported,Unnecessary,resolved_by_simplified_freeze_rule,314,0.186586068312734,34.7944879252463,17.7971887879056,17.79718879,-1.38777878078145e-16
T056_BMI_DBP_HTN,DBP,HTN,R2,S1,Q1,insufficient_evidence,boundary_unresolved,Independent cause,FALSE,boundary_unresolved,insufficiently_informative,conditional,estimated,not_supported,not_supported,not_supported,not_supported,Unnecessary,resolved_by_simplified_freeze_rule,314,0.304248442250483,34.7944879252463,17.7971887879056,17.79718879,-1.66533453693773e-16
T057_BMI_TC_CAD,TC,CAD,R2,S1,Q1,upstream_surrogate_of_exposure,upstream_surrogate_of_exposure,Upstream surrogate of exposure,FALSE,resolved_six_role,,conditional,estimated,not_supported,conditional_supported,not_supported,not_supported,Unnecessary,resolved_target_decision,312,-0.09408915925046,42.281667694996,61.0579426413091,42.28166769,0
T058_BMI_TC_HF,TC,HF,R2,S1,Q1,upstream_surrogate_of_exposure,upstream_surrogate_of_exposure,Upstream surrogate of exposure,FALSE,resolved_six_role,,conditional,estimated,not_supported,conditional_supported,not_supported,not_supported,Unnecessary,resolved_target_decision,312,-0.0504505223763237,42.281667694996,61.0579426413091,42.28166769,7.63278329429795e-17
T059_BMI_TC_IS,TC,IS,R2,S3,Q1,upstream_surrogate_of_exposure,boundary_unresolved,Upstream surrogate of exposure,FALSE,boundary_unresolved,insufficiently_informative,marginal_unresolved,error,unstable,robust_supported,not_supported,not_estimable,Unnecessary,resolved_by_simplified_freeze_rule,270,-0.032863128597545,43.7247342918803,63.830383347254,43.72473429,2.56739074444567e-16
T060_BMI_TC_TIA,TC,TIA,R2,S3,Q1,upstream_surrogate_of_exposure,boundary_unresolved,Upstream surrogate of exposure,FALSE,boundary_unresolved,insufficiently_informative,marginal_unresolved,error,unstable,robust_supported,unstable,not_estimable,Unnecessary,resolved_by_simplified_freeze_rule,312,-0.0254994976169675,42.281667694996,61.0579426413091,42.28166769,-7.63278329429795e-17
T061_BMI_TC_AAA,TC,AAA,R2,S1,Q1,confounder,confounder,Confounder,FALSE,resolved_six_role,,conditional,estimated,not_supported,conditional_supported,conditional_supported,not_supported,Necessary,resolved_target_decision,301,-0.13200397092145,42.1848182582174,62.6245285322761,42.18481826,-2.4980018054066e-16
T062_BMI_TC_TAA,TC,TAA,R2,S1,Q1,upstream_surrogate_of_exposure,upstream_surrogate_of_exposure,Upstream surrogate of exposure,FALSE,resolved_six_role,,conditional,estimated,not_supported,conditional_supported,not_supported,not_supported,Unnecessary,resolved_target_decision,294,0.00181937290847012,42.9057501732009,62.2481926728071,42.90575017,-1.90602741922952e-16
T063_BMI_TC_PVD,TC,PVD,R2,S1,Q1,upstream_surrogate_of_exposure,upstream_surrogate_of_exposure,Upstream surrogate of exposure,FALSE,resolved_six_role,,conditional,estimated,not_supported,conditional_supported,not_supported,not_supported,Unnecessary,resolved_target_decision,312,-0.0501524357407231,42.281667694996,61.0579426413091,42.28166769,-1.31838984174237e-16
T064_BMI_TC_PE,TC,PE,R2,S3,Q1,ambiguous,boundary_unresolved,Upstream surrogate of exposure,FALSE,boundary_unresolved,ambiguous,marginal_unresolved,cyclic_marginal_graph,unstable,robust_supported,not_supported,robust_supported,Unnecessary,resolved_by_simplified_freeze_rule,312,0.00690510212198214,42.281667694996,61.0579426413091,42.28166769,-6.41847686111419e-17
T065_BMI_TC_SAH,TC,SAH,R2,S1,Q1,upstream_surrogate_of_exposure,upstream_surrogate_of_exposure,Upstream surrogate of exposure,FALSE,resolved_six_role,,conditional,estimated,not_supported,conditional_supported,not_supported,not_supported,Unnecessary,resolved_target_decision,312,0.0331675215681358,42.281667694996,61.0579426413091,42.28166769,1.73472347597681e-16
T066_BMI_TC_ICH,TC,ICH,R2,S1,Q1,upstream_surrogate_of_exposure,upstream_surrogate_of_exposure,Upstream surrogate of exposure,FALSE,resolved_six_role,,conditional,estimated,not_supported,conditional_supported,not_supported,not_supported,Unnecessary,resolved_target_decision,312,0.0124995122847226,42.281667694996,61.0579426413091,42.28166769,1.12757025938492e-16
T067_BMI_TC_DVT,TC,DVT,R2,S1,Q1,confounder,confounder,Confounder,FALSE,resolved_six_role,,conditional,estimated,not_supported,conditional_supported,conditional_supported,not_supported,Necessary,resolved_target_decision,312,0.0174183588474576,42.281667694996,61.0579426413091,42.28166769,5.89805981832114e-17
T068_BMI_TC_AVS,TC,AVS,R2,S1,Q1,confounder,confounder,Confounder,FALSE,resolved_six_role,,conditional,estimated,not_supported,conditional_supported,conditional_supported,not_supported,Necessary,resolved_target_decision,281,-0.170136332091568,43.5168599553659,61.3751461427322,43.51685996,4.71844785465692e-16
T069_BMI_TC_AF,TC,AF,R2,S1,Q1,upstream_surrogate_of_exposure,upstream_surrogate_of_exposure,Upstream surrogate of exposure,FALSE,resolved_six_role,,conditional,estimated,not_supported,conditional_supported,not_supported,not_supported,Unnecessary,resolved_target_decision,312,-0.0312318867524722,42.281667694996,61.0579426413091,42.28166769,-1.00613961606655e-16
T070_BMI_TC_HTN,TC,HTN,R2,S3,Q1,ambiguous,boundary_unresolved,Upstream surrogate of exposure,FALSE,boundary_unresolved,ambiguous,marginal_unresolved,cyclic_marginal_graph,unstable,robust_supported,unstable,robust_supported,Unnecessary,resolved_by_simplified_freeze_rule,312,-0.0134000869040959,42.281667694996,61.0579426413091,42.28166769,-3.38271077815477e-16
T071_BMI_HDL_C_CAD,HDL-C,CAD,R2,S1,Q1,collider,collider,Collider,FALSE,resolved_six_role,,conditional,estimated,conditional_supported,not_supported,not_supported,conditional_supported,Overadjustment,resolved_target_decision,353,0.0966804425499492,35.4915517154168,78.713629441119,35.49155172,-2.35922392732846e-16
T072_BMI_HDL_C_HF,HDL-C,HF,R2,S1,Q1,downstream_surrogate_of_exposure,downstream_surrogate_of_exposure,Downstream surrogate of exposure,FALSE,resolved_six_role,,conditional,estimated,conditional_supported,not_supported,not_supported,not_supported,Unnecessary,resolved_target_decision,353,0.050081487498306,35.4915517154168,78.713629441119,35.49155172,-1.04083408558608e-16
T073_BMI_HDL_C_IS,HDL-C,IS,R2,S3,Q1,downstream_surrogate_of_exposure,boundary_unresolved,Downstream surrogate of exposure,FALSE,boundary_unresolved,insufficiently_informative,marginal_unresolved,error,robust_supported,unstable,unstable,not_estimable,Unnecessary,resolved_by_simplified_freeze_rule,314,0.054319736405805,35.6597209059384,86.5253241565789,35.65972091,-3.40005801291454e-16
T074_BMI_HDL_C_TIA,HDL-C,TIA,R2,S3,Q1,downstream_surrogate_of_exposure,boundary_unresolved,Downstream surrogate of exposure,FALSE,boundary_unresolved,insufficiently_informative,marginal_unresolved,error,robust_supported,unstable,unstable,not_estimable,Unnecessary,resolved_by_simplified_freeze_rule,353,0.0310317944621228,35.4915517154168,78.713629441119,35.49155172,-4.16333634234434e-17
T075_BMI_HDL_C_AAA,HDL-C,AAA,R2,S1,Q1,mediator_out_of_library,boundary_unresolved,Downstream surrogate of exposure,TRUE,boundary_unresolved,mediator_like_pathway,conditional,estimated,conditional_supported,not_supported,conditional_supported,not_supported,Overadjustment,resolved_target_consequence_boundary_role,344,0.244475010429853,35.3635933834987,80.5145268193172,35.36359338,-8.32667268468867e-17
T076_BMI_HDL_C_TAA,HDL-C,TAA,R2,S1,Q1,downstream_surrogate_of_exposure,downstream_surrogate_of_exposure,Downstream surrogate of exposure,FALSE,resolved_six_role,,conditional,estimated,conditional_supported,not_supported,not_supported,not_supported,Unnecessary,resolved_target_decision,339,-0.0328625399531334,35.6063827885436,79.0241210223666,35.60638279,-1.11022302462516e-16
T077_BMI_HDL_C_PVD,HDL-C,PVD,R2,S1,Q1,downstream_surrogate_of_exposure,downstream_surrogate_of_exposure,Downstream surrogate of exposure,FALSE,resolved_six_role,,conditional,estimated,conditional_supported,not_supported,not_supported,not_supported,Unnecessary,resolved_target_decision,353,0.0937182476229949,35.4915517154168,78.713629441119,35.49155172,-1.80411241501588e-16
T078_BMI_HDL_C_PE,HDL-C,PE,R2,S1,Q1,downstream_surrogate_of_exposure,downstream_surrogate_of_exposure,Downstream surrogate of exposure,FALSE,resolved_six_role,,conditional,estimated,conditional_supported,not_supported,not_supported,not_supported,Unnecessary,resolved_target_decision,353,0.000845592430905096,35.4915517154168,78.713629441119,35.49155172,2.99890320909491e-16
T079_BMI_HDL_C_SAH,HDL-C,SAH,R2,S1,Q1,downstream_surrogate_of_exposure,downstream_surrogate_of_exposure,Downstream surrogate of exposure,FALSE,resolved_six_role,,conditional,estimated,conditional_supported,not_supported,not_supported,not_supported,Unnecessary,resolved_target_decision,353,0.07495059676166,35.4915517154168,78.713629441119,35.49155172,-3.05311331771918e-16
T080_BMI_HDL_C_ICH,HDL-C,ICH,R2,S1,Q1,mediator_out_of_library,boundary_unresolved,Downstream surrogate of exposure,TRUE,boundary_unresolved,mediator_like_pathway,conditional,estimated,conditional_supported,not_supported,conditional_supported,not_supported,Overadjustment,resolved_target_consequence_boundary_role,353,0.177285497374909,35.4915517154168,78.713629441119,35.49155172,5.55111512312578e-17
T081_BMI_HDL_C_DVT,HDL-C,DVT,R2,S1,Q1,downstream_surrogate_of_exposure,downstream_surrogate_of_exposure,Downstream surrogate of exposure,FALSE,resolved_six_role,,conditional,estimated,conditional_supported,not_supported,not_supported,not_supported,Unnecessary,resolved_target_decision,353,0.0116970889058204,35.4915517154168,78.713629441119,35.49155172,-1.14491749414469e-16
T082_BMI_HDL_C_AVS,HDL-C,AVS,R2,S1,Q1,downstream_surrogate_of_exposure,downstream_surrogate_of_exposure,Downstream surrogate of exposure,FALSE,resolved_six_role,,conditional,estimated,conditional_supported,not_supported,not_supported,not_supported,Unnecessary,resolved_target_decision,302,0.0373933055710585,38.173835935778,76.5611669539504,38.17383594,0
T083_BMI_HDL_C_AF,HDL-C,AF,R2,S1,Q1,collider,collider,Collider,FALSE,resolved_six_role,,conditional,estimated,conditional_supported,not_supported,not_supported,conditional_supported,Overadjustment,resolved_target_decision,353,0.0333430518584483,35.4915517154168,78.713629441119,35.49155172,-3.46944695195361e-17
T084_BMI_HDL_C_HTN,HDL-C,HTN,R2,S1,Q1,downstream_surrogate_of_exposure,downstream_surrogate_of_exposure,Downstream surrogate of exposure,FALSE,resolved_six_role,,conditional,estimated,conditional_supported,not_supported,not_supported,not_supported,Unnecessary,resolved_target_decision,353,0.058928971490648,35.4915517154168,78.713629441119,35.49155172,6.24500451351651e-17
T085_BMI_LDL_C_CAD,LDL-C,CAD,R2,S1,Q1,upstream_surrogate_of_exposure,upstream_surrogate_of_exposure,Upstream surrogate of exposure,FALSE,resolved_six_role,,conditional,estimated,not_supported,conditional_supported,not_supported,not_supported,Unnecessary,resolved_target_decision,311,-0.0594043246321225,43.9324936920748,58.127013670436,43.93249369,3.46944695195361e-17
T086_BMI_LDL_C_HF,LDL-C,HF,R2,S1,Q1,confounder,confounder,Confounder,FALSE,resolved_six_role,,conditional,estimated,not_supported,conditional_supported,conditional_supported,not_supported,Necessary,resolved_target_decision,311,-0.0237785904261784,43.9324936920748,58.127013670436,43.93249369,-1.94289029309402e-16
T087_BMI_LDL_C_IS,LDL-C,IS,R2,S3,Q1,upstream_surrogate_of_exposure,boundary_unresolved,Upstream surrogate of exposure,FALSE,boundary_unresolved,insufficiently_informative,marginal_unresolved,error,unstable,robust_supported,not_supported,not_estimable,Unnecessary,resolved_by_simplified_freeze_rule,270,-0.0241457329879348,45.0517202025576,61.6489866768968,45.0517202,-2.35922392732846e-16
T088_BMI_LDL_C_TIA,LDL-C,TIA,R2,S3,Q1,upstream_surrogate_of_exposure,boundary_unresolved,Upstream surrogate of exposure,FALSE,boundary_unresolved,insufficiently_informative,marginal_unresolved,error,unstable,robust_supported,unstable,not_estimable,Unnecessary,resolved_by_simplified_freeze_rule,311,-0.0137663805522283,43.9324936920748,58.127013670436,43.93249369,1.85615411929518e-16
T089_BMI_LDL_C_AAA,LDL-C,AAA,R2,S1,Q1,upstream_surrogate_of_exposure,upstream_surrogate_of_exposure,Upstream surrogate of exposure,FALSE,resolved_six_role,,conditional,estimated,not_supported,conditional_supported,not_supported,not_supported,Unnecessary,resolved_target_decision,299,-0.100688156367097,44.032694967717,59.6563962495362,44.03269497,-1.38777878078145e-17
T090_BMI_LDL_C_TAA,LDL-C,TAA,R2,S1,Q1,upstream_surrogate_of_exposure,upstream_surrogate_of_exposure,Upstream surrogate of exposure,FALSE,resolved_six_role,,conditional,estimated,not_supported,conditional_supported,not_supported,not_supported,Unnecessary,resolved_target_decision,293,-0.0169763581317037,44.7082124072047,58.7333875890213,44.70821241,-1.49186218934005e-16
T091_BMI_LDL_C_PVD,LDL-C,PVD,R2,S1,Q1,upstream_surrogate_of_exposure,upstream_surrogate_of_exposure,Upstream surrogate of exposure,FALSE,resolved_six_role,,conditional,estimated,not_supported,conditional_supported,not_supported,not_supported,Unnecessary,resolved_target_decision,311,-0.0487237788287725,43.9324936920748,58.127013670436,43.93249369,2.77555756156289e-17
T092_BMI_LDL_C_PE,LDL-C,PE,R2,S3,Q1,ambiguous,boundary_unresolved,Upstream surrogate of exposure,FALSE,boundary_unresolved,ambiguous,marginal_unresolved,cyclic_marginal_graph,unstable,robust_supported,not_supported,sensitivity_qualified,Unnecessary,resolved_by_simplified_freeze_rule,311,0.00264678036228949,43.9324936920748,58.127013670436,43.93249369,6.11490025281825e-17
T093_BMI_LDL_C_SAH,LDL-C,SAH,R2,S1,Q1,upstream_surrogate_of_exposure,upstream_surrogate_of_exposure,Upstream surrogate of exposure,FALSE,resolved_six_role,,conditional,estimated,not_supported,conditional_supported,not_supported,not_supported,Unnecessary,resolved_target_decision,311,0.0144196005718511,43.9324936920748,58.127013670436,43.93249369,-6.24500451351651e-17
T094_BMI_LDL_C_ICH,LDL-C,ICH,R2,S1,Q1,upstream_surrogate_of_exposure,upstream_surrogate_of_exposure,Upstream surrogate of exposure,FALSE,resolved_six_role,,conditional,estimated,not_supported,conditional_supported,not_supported,not_supported,Unnecessary,resolved_target_decision,311,0.000771880227735111,43.9324936920748,58.127013670436,43.93249369,-9.44340092234874e-17
T095_BMI_LDL_C_DVT,LDL-C,DVT,R2,S1,Q1,upstream_surrogate_of_exposure,upstream_surrogate_of_exposure,Upstream surrogate of exposure,FALSE,resolved_six_role,,conditional,estimated,not_supported,conditional_supported,not_supported,not_supported,Unnecessary,resolved_target_decision,311,0.00905676056673366,43.9324936920748,58.127013670436,43.93249369,-1.07552855510562e-16
T096_BMI_LDL_C_AVS,LDL-C,AVS,R2,S1,Q1,confounder,confounder,Confounder,FALSE,resolved_six_role,,conditional,estimated,not_supported,conditional_supported,conditional_supported,not_supported,Necessary,resolved_target_decision,280,-0.104951928279388,44.8071534711197,60.4881570493752,44.80715347,-5.55111512312578e-17
T097_BMI_LDL_C_AF,LDL-C,AF,R2,S3,Q1,ambiguous,boundary_unresolved,Upstream surrogate of exposure,FALSE,boundary_unresolved,ambiguous,marginal_unresolved,cyclic_marginal_graph,unstable,robust_supported,unstable,sensitivity_qualified,Unnecessary,resolved_by_simplified_freeze_rule,311,-0.0149242061410795,43.9324936920748,58.127013670436,43.93249369,2.15105711021124e-16
T098_BMI_LDL_C_HTN,LDL-C,HTN,R2,S3,Q1,ambiguous,boundary_unresolved,Upstream surrogate of exposure,FALSE,boundary_unresolved,ambiguous,marginal_unresolved,cyclic_marginal_graph,unstable,robust_supported,unstable,robust_supported,Unnecessary,resolved_by_simplified_freeze_rule,311,-0.00772350002324151,43.9324936920748,58.127013670436,43.93249369,-3.46944695195361e-17
T099_BMI_TG_CAD,TG,CAD,R2,S1,Q1,insufficient_evidence,boundary_unresolved,Independent cause,FALSE,boundary_unresolved,insufficiently_informative,conditional,estimated,not_supported,not_supported,not_supported,not_supported,Unnecessary,resolved_by_simplified_freeze_rule,339,0.0772527956882462,40.1371066974123,75.2381990523336,40.1371067,2.77555756156289e-17
T100_BMI_TG_HF,TG,HF,R2,S1,Q1,insufficient_evidence,boundary_unresolved,Independent cause,FALSE,boundary_unresolved,insufficiently_informative,conditional,estimated,not_supported,not_supported,not_supported,not_supported,Unnecessary,resolved_by_simplified_freeze_rule,339,0.0565856917965144,40.1371066974123,75.2381990523336,40.1371067,-9.0205620750794e-17
T101_BMI_TG_IS,TG,IS,R2,S3,Q1,insufficient_evidence,boundary_unresolved,Independent cause,FALSE,boundary_unresolved,insufficiently_informative,marginal_unresolved,error,unstable,unstable,unstable,not_estimable,Unnecessary,resolved_by_simplified_freeze_rule,294,0.0204936648499603,41.9508648762181,81.209539647944,41.95086488,-3.46944695195361e-18
T102_BMI_TG_TIA,TG,TIA,R2,S3,Q1,independent_cause,boundary_unresolved,Independent cause,FALSE,boundary_unresolved,insufficiently_informative,marginal_unresolved,error,unstable,unstable,robust_supported,not_estimable,Unnecessary,resolved_by_simplified_freeze_rule,339,0.0331087968203404,40.1371066974123,75.2381990523336,40.1371067,-4.85722573273506e-17
T103_BMI_TG_AAA,TG,AAA,R2,S1,Q1,independent_cause,independent_cause,Independent cause,FALSE,resolved_six_role,,conditional,estimated,not_supported,not_supported,conditional_supported,not_supported,Unnecessary,resolved_by_simplified_freeze_rule,323,0.119227964651845,40.583052438835,71.8881902087771,40.58305244,2.77555756156289e-17
T104_BMI_TG_TAA,TG,TAA,R2,S1,Q1,insufficient_evidence,boundary_unresolved,Independent cause,FALSE,boundary_unresolved,insufficiently_informative,conditional,estimated,not_supported,not_supported,not_supported,not_supported,Unnecessary,resolved_by_simplified_freeze_rule,327,0.0157201729383126,40.5125826464009,75.0994919535327,40.51258265,1.2490009027033e-16
T105_BMI_TG_PVD,TG,PVD,R2,S3,Q1,feedback_or_cycle,boundary_unresolved,Independent cause,FALSE,boundary_unresolved,feedback_or_cycle,marginal_unresolved,cyclic_marginal_graph,unstable,unstable,robust_supported,robust_supported,Unnecessary,resolved_by_simplified_freeze_rule,339,0.0692657502103693,40.1371066974123,75.2381990523336,40.1371067,-1.38777878078145e-17
T106_BMI_TG_PE,TG,PE,R2,S1,Q1,insufficient_evidence,boundary_unresolved,Independent cause,FALSE,boundary_unresolved,insufficiently_informative,conditional,estimated,not_supported,not_supported,not_supported,not_supported,Unnecessary,resolved_by_simplified_freeze_rule,339,0.0129266316929246,40.1371066974123,75.2381990523336,40.1371067,-1.43982048506075e-16
T107_BMI_TG_SAH,TG,SAH,R2,S1,Q1,insufficient_evidence,boundary_unresolved,Independent cause,FALSE,boundary_unresolved,insufficiently_informative,conditional,estimated,not_supported,not_supported,not_supported,not_supported,Unnecessary,resolved_by_simplified_freeze_rule,339,0.0797756418886786,40.1371066974123,75.2381990523336,40.1371067,2.77555756156289e-17
T108_BMI_TG_ICH,TG,ICH,R2,S1,Q1,insufficient_evidence,boundary_unresolved,Independent cause,FALSE,boundary_unresolved,insufficiently_informative,conditional,estimated,not_supported,not_supported,not_supported,not_supported,Unnecessary,resolved_by_simplified_freeze_rule,339,0.0473740082562276,40.1371066974123,75.2381990523336,40.1371067,-4.85722573273506e-17
T109_BMI_TG_DVT,TG,DVT,R2,S1,Q1,insufficient_evidence,boundary_unresolved,Independent cause,FALSE,boundary_unresolved,insufficiently_informative,conditional,estimated,not_supported,not_supported,not_supported,not_supported,Unnecessary,resolved_by_simplified_freeze_rule,339,-0.00406412675707768,40.1371066974123,75.2381990523336,40.1371067,-9.4542429440736e-17
T110_BMI_TG_AVS,TG,AVS,R2,S1,Q1,independent_cause,independent_cause,Independent cause,FALSE,resolved_six_role,,conditional,estimated,not_supported,not_supported,conditional_supported,not_supported,Unnecessary,resolved_by_simplified_freeze_rule,294,0.0597308171284796,41.336966318728,73.0915894435688,41.33696632,-2.42861286636753e-16
T111_BMI_TG_AF,TG,AF,R2,S1,Q1,insufficient_evidence,boundary_unresolved,Independent cause,FALSE,boundary_unresolved,insufficiently_informative,conditional,estimated,not_supported,not_supported,not_supported,not_supported,Unnecessary,resolved_by_simplified_freeze_rule,339,0.00887687903520007,40.1371066974123,75.2381990523336,40.1371067,2.42861286636753e-17
T112_BMI_TG_HTN,TG,HTN,R2,S1,Q1,insufficient_evidence,boundary_unresolved,Independent cause,FALSE,boundary_unresolved,insufficiently_informative,conditional,estimated,not_supported,not_supported,not_supported,not_supported,Unnecessary,resolved_by_simplified_freeze_rule,339,0.0476970285547992,40.1371066974123,75.2381990523336,40.1371067,-6.93889390390723e-18
T113_BMI_Glucose_CAD,Glucose,CAD,R2,S1,Q1,mediator_out_of_library,boundary_unresolved,Downstream surrogate of exposure,TRUE,boundary_unresolved,mediator_like_pathway,conditional,estimated,conditional_supported,not_supported,conditional_supported,not_supported,Overadjustment,resolved_target_consequence_boundary_role,304,0.0283363906044438,50.3018808454043,29.6458077690827,29.64580777,-1.00613961606655e-16
T114_BMI_Glucose_HF,Glucose,HF,R2,S1,Q1,collider,collider,Collider,FALSE,resolved_six_role,,conditional,estimated,conditional_supported,not_supported,not_supported,conditional_supported,Overadjustment,resolved_target_decision,304,0.0242411441494768,50.3018808454043,29.6458077690827,29.64580777,1.94289029309402e-16
T115_BMI_Glucose_IS,Glucose,IS,R2,S3,Q1,mediator_out_of_library,boundary_unresolved,Downstream surrogate of exposure,TRUE,boundary_unresolved,mediator_like_pathway,marginal_unresolved,error,robust_supported,not_supported,robust_supported,not_estimable,Unclassified,unclassified_structure,262,0.0439318478735651,51.1791733427271,20.0853634276052,20.08536343,1.38777878078145e-17
T116_BMI_Glucose_TIA,Glucose,TIA,R2,S3,Q1,downstream_surrogate_of_exposure,boundary_unresolved,Downstream surrogate of exposure,FALSE,boundary_unresolved,insufficiently_informative,marginal_unresolved,error,robust_supported,not_supported,unstable,not_estimable,Unnecessary,resolved_by_simplified_freeze_rule,304,-0.00104289548574354,50.3018808454043,29.6458077690827,29.64580777,-4.03323208164608e-17
T117_BMI_Glucose_AAA,Glucose,AAA,R2,S1,Q1,collider,collider,Collider,FALSE,resolved_six_role,,conditional,estimated,conditional_supported,not_supported,not_supported,conditional_supported,Overadjustment,resolved_target_decision,287,0.00148987494263747,50.9467791664924,25.7329745745919,25.73297457,-1.36392633298676e-16
T118_BMI_Glucose_TAA,Glucose,TAA,R2,S1,Q1,downstream_surrogate_of_exposure,downstream_surrogate_of_exposure,Downstream surrogate of exposure,FALSE,resolved_six_role,,conditional,estimated,conditional_supported,not_supported,not_supported,not_supported,Unnecessary,resolved_target_decision,293,-0.0041249899255027,49.9625277322502,30.4322055817627,30.43220558,2.94902990916057e-17
T119_BMI_Glucose_PVD,Glucose,PVD,R2,S1,Q1,downstream_surrogate_of_exposure,downstream_surrogate_of_exposure,Downstream surrogate of exposure,FALSE,resolved_six_role,,conditional,estimated,conditional_supported,not_supported,not_supported,not_supported,Unnecessary,resolved_target_decision,304,0.0368329554685686,50.3018808454043,29.6458077690827,29.64580777,-1.80411241501588e-16
T120_BMI_Glucose_PE,Glucose,PE,R2,S1,Q1,downstream_surrogate_of_exposure,downstream_surrogate_of_exposure,Downstream surrogate of exposure,FALSE,resolved_six_role,,conditional,estimated,conditional_supported,not_supported,not_supported,not_supported,Unnecessary,resolved_target_decision,304,0.00565415367427335,50.3018808454043,29.6458077690827,29.64580777,1.73472347597681e-17
T121_BMI_Glucose_SAH,Glucose,SAH,R2,S1,Q1,downstream_surrogate_of_exposure,downstream_surrogate_of_exposure,Downstream surrogate of exposure,FALSE,resolved_six_role,,conditional,estimated,conditional_supported,not_supported,not_supported,not_supported,Unnecessary,resolved_target_decision,304,0.000267188473070723,50.3018808454043,29.6458077690827,29.64580777,-2.39608680119296e-17
T122_BMI_Glucose_ICH,Glucose,ICH,R2,S1,Q1,downstream_surrogate_of_exposure,downstream_surrogate_of_exposure,Downstream surrogate of exposure,FALSE,resolved_six_role,,conditional,estimated,conditional_supported,not_supported,not_supported,not_supported,Unnecessary,resolved_target_decision,304,0.0139584576961529,50.3018808454043,29.6458077690827,29.64580777,5.72458747072346e-17
T123_BMI_Glucose_DVT,Glucose,DVT,R2,S1,Q1,downstream_surrogate_of_exposure,downstream_surrogate_of_exposure,Downstream surrogate of exposure,FALSE,resolved_six_role,,conditional,estimated,conditional_supported,not_supported,not_supported,not_supported,Unnecessary,resolved_target_decision,304,0.0110850831831866,50.3018808454043,29.6458077690827,29.64580777,6.93889390390723e-17
T124_BMI_Glucose_AVS,Glucose,AVS,R2,S1,Q1,downstream_surrogate_of_exposure,downstream_surrogate_of_exposure,Downstream surrogate of exposure,FALSE,resolved_six_role,,conditional,estimated,conditional_supported,not_supported,not_supported,not_supported,Unnecessary,resolved_target_decision,271,0.0138745726235144,50.7315894025386,30.9100751923667,30.91007519,-2.04697370165263e-16
T125_BMI_Glucose_AF,Glucose,AF,R2,S1,Q1,downstream_surrogate_of_exposure,downstream_surrogate_of_exposure,Downstream surrogate of exposure,FALSE,resolved_six_role,,conditional,estimated,conditional_supported,not_supported,not_supported,not_supported,Unnecessary,resolved_target_decision,304,-0.00664120643525201,50.3018808454043,29.6458077690827,29.64580777,1.47451495458029e-17
T126_BMI_Glucose_HTN,Glucose,HTN,R2,S1,Q1,mediator_out_of_library,boundary_unresolved,Downstream surrogate of exposure,TRUE,boundary_unresolved,mediator_like_pathway,conditional,estimated,conditional_supported,not_supported,conditional_supported,not_supported,Overadjustment,resolved_target_consequence_boundary_role,304,0.0153363573060721,50.3018808454043,29.6458077690827,29.64580777,3.46944695195361e-18
T127_BMI_HbA1c_CAD,HbA1c,CAD,R2,S1,Q1,downstream_surrogate_of_exposure,downstream_surrogate_of_exposure,Downstream surrogate of exposure,FALSE,resolved_six_role,,conditional,estimated,conditional_supported,not_supported,not_supported,not_supported,Unnecessary,resolved_target_decision,362,0.0571753771468706,34.4558196495745,78.5159749409989,34.45581965,-6.93889390390723e-17
T128_BMI_HbA1c_HF,HbA1c,HF,R2,S1,Q1,downstream_surrogate_of_exposure,downstream_surrogate_of_exposure,Downstream surrogate of exposure,FALSE,resolved_six_role,,conditional,estimated,conditional_supported,not_supported,not_supported,not_supported,Unnecessary,resolved_target_decision,362,0.0357449553961948,34.4558196495745,78.5159749409989,34.45581965,3.05311331771918e-16
T129_BMI_HbA1c_IS,HbA1c,IS,R2,S3,Q1,mediator_out_of_library,boundary_unresolved,Downstream surrogate of exposure,TRUE,boundary_unresolved,mediator_like_pathway,marginal_unresolved,error,robust_supported,unstable,robust_supported,not_estimable,Unclassified,unclassified_structure,315,0.0312243652011019,35.6900748952399,67.6691537158196,35.6900749,-9.0205620750794e-17
T130_BMI_HbA1c_TIA,HbA1c,TIA,R2,S3,Q1,downstream_surrogate_of_exposure,boundary_unresolved,Downstream surrogate of exposure,FALSE,boundary_unresolved,insufficiently_informative,marginal_unresolved,error,robust_supported,unstable,unstable,not_estimable,Unnecessary,resolved_by_simplified_freeze_rule,362,0.0206762646997164,34.4558196495745,78.5159749409989,34.45581965,1.21430643318376e-16
T131_BMI_HbA1c_AAA,HbA1c,AAA,R2,S1,Q1,downstream_surrogate_of_exposure,downstream_surrogate_of_exposure,Downstream surrogate of exposure,FALSE,resolved_six_role,,conditional,estimated,conditional_supported,not_supported,not_supported,not_supported,Unnecessary,resolved_target_decision,345,0.0242476304772745,34.7941657443817,76.198055290233,34.79416574,-9.0205620750794e-17
T132_BMI_HbA1c_TAA,HbA1c,TAA,R2,S1,Q1,downstream_surrogate_of_exposure,downstream_surrogate_of_exposure,Downstream surrogate of exposure,FALSE,resolved_six_role,,conditional,estimated,conditional_supported,not_supported,not_supported,not_supported,Unnecessary,resolved_target_decision,350,0.0156901533727964,34.5752172819761,79.1754544767919,34.57521728,-5.55111512312578e-17
T133_BMI_HbA1c_PVD,HbA1c,PVD,R2,S3,Q1,feedback_or_cycle,boundary_unresolved,Downstream surrogate of exposure,FALSE,boundary_unresolved,feedback_or_cycle,marginal_unresolved,cyclic_marginal_graph,robust_supported,unstable,robust_supported,robust_supported,Unnecessary,resolved_by_simplified_freeze_rule,362,0.0746469238465349,34.4558196495745,78.5159749409989,34.45581965,-4.16333634234434e-17
T134_BMI_HbA1c_PE,HbA1c,PE,R2,S1,Q1,downstream_surrogate_of_exposure,downstream_surrogate_of_exposure,Downstream surrogate of exposure,FALSE,resolved_six_role,,conditional,estimated,conditional_supported,not_supported,not_supported,not_supported,Unnecessary,resolved_target_decision,362,0.0295926960276958,34.4558196495745,78.5159749409989,34.45581965,-1.66533453693773e-16
T135_BMI_HbA1c_SAH,HbA1c,SAH,R2,S1,Q1,downstream_surrogate_of_exposure,downstream_surrogate_of_exposure,Downstream surrogate of exposure,FALSE,resolved_six_role,,conditional,estimated,conditional_supported,not_supported,not_supported,not_supported,Unnecessary,resolved_target_decision,362,0.0387638875018141,34.4558196495745,78.5159749409989,34.45581965,-4.16333634234434e-17
T136_BMI_HbA1c_ICH,HbA1c,ICH,R2,S1,Q1,downstream_surrogate_of_exposure,downstream_surrogate_of_exposure,Downstream surrogate of exposure,FALSE,resolved_six_role,,conditional,estimated,conditional_supported,not_supported,not_supported,not_supported,Unnecessary,resolved_target_decision,362,0.0328902323682324,34.4558196495745,78.5159749409989,34.45581965,2.15105711021124e-16
T137_BMI_HbA1c_DVT,HbA1c,DVT,R2,S1,Q1,downstream_surrogate_of_exposure,downstream_surrogate_of_exposure,Downstream surrogate of exposure,FALSE,resolved_six_role,,conditional,estimated,conditional_supported,not_supported,not_supported,not_supported,Unnecessary,resolved_target_decision,362,0.011132219679719,34.4558196495745,78.5159749409989,34.45581965,-2.16840434497101e-16
T138_BMI_HbA1c_AVS,HbA1c,AVS,R2,S1,Q1,mediator_out_of_library,boundary_unresolved,Downstream surrogate of exposure,TRUE,boundary_unresolved,mediator_like_pathway,conditional,estimated,conditional_supported,not_supported,conditional_supported,not_supported,Overadjustment,resolved_target_consequence_boundary_role,318,0.0639711493501183,35.6881357130871,74.5804778943338,35.68813571,-3.05311331771918e-16
T139_BMI_HbA1c_AF,HbA1c,AF,R2,S1,Q1,downstream_surrogate_of_exposure,downstream_surrogate_of_exposure,Downstream surrogate of exposure,FALSE,resolved_six_role,,conditional,estimated,conditional_supported,not_supported,not_supported,not_supported,Unnecessary,resolved_target_decision,362,0.0179176858490474,34.4558196495745,78.5159749409989,34.45581965,2.08166817117217e-17
T140_BMI_HbA1c_HTN,HbA1c,HTN,R2,S1,Q1,downstream_surrogate_of_exposure,downstream_surrogate_of_exposure,Downstream surrogate of exposure,FALSE,resolved_six_role,,conditional,estimated,conditional_supported,not_supported,not_supported,not_supported,Unnecessary,resolved_target_decision,362,0.0320438059766017,34.4558196495745,78.5159749409989,34.45581965,-1.17961196366423e-16
T141_BMI_Smoking_CAD,Smoking,CAD,R2,S1,Q2,mediator_out_of_library,boundary_unresolved,Downstream surrogate of exposure,TRUE,boundary_unresolved,mediator_like_pathway,conditional,estimated,conditional_supported,not_supported,conditional_supported,not_supported,Overadjustment,resolved_target_consequence_boundary_role,292,0.0786155527688081,12.8002968017655,3.26330437620584,3.263304376,-1.38777878078145e-17
T142_BMI_Smoking_HF,Smoking,HF,R2,S1,Q2,downstream_surrogate_of_exposure,downstream_surrogate_of_exposure,Downstream surrogate of exposure,FALSE,resolved_six_role,,conditional,estimated,conditional_supported,not_supported,not_supported,not_supported,Unnecessary,resolved_target_decision,292,0.0412144534296534,12.8002968017655,3.26330437620584,3.263304376,-1.38777878078145e-16
T143_BMI_Smoking_IS,Smoking,IS,R2,S3,Q2,downstream_surrogate_of_exposure,boundary_unresolved,Downstream surrogate of exposure,FALSE,boundary_unresolved,insufficiently_informative,marginal_unresolved,error,robust_supported,not_supported,not_supported,not_estimable,Unnecessary,resolved_by_simplified_freeze_rule,254,0.0839783573759345,11.2562828194178,3.25398604472772,3.253986045,8.32667268468867e-17
T144_BMI_Smoking_TIA,Smoking,TIA,R2,S3,Q2,downstream_surrogate_of_exposure,boundary_unresolved,Downstream surrogate of exposure,FALSE,boundary_unresolved,insufficiently_informative,marginal_unresolved,error,robust_supported,not_supported,not_supported,not_estimable,Unnecessary,resolved_by_simplified_freeze_rule,292,0.0452795504633307,12.8002968017655,3.26330437620584,3.263304376,2.08166817117217e-16
T145_BMI_Smoking_AAA,Smoking,AAA,R2,S1,Q2,collider,collider,Collider,FALSE,resolved_six_role,,conditional,estimated,conditional_supported,not_supported,not_supported,conditional_supported,Overadjustment,resolved_target_decision,280,0.162940457350065,12.700235746809,3.12542204070638,3.125422041,-1.66533453693773e-16
T146_BMI_Smoking_TAA,Smoking,TAA,R2,S1,Q2,downstream_surrogate_of_exposure,downstream_surrogate_of_exposure,Downstream surrogate of exposure,FALSE,resolved_six_role,,conditional,estimated,conditional_supported,not_supported,not_supported,not_supported,Unnecessary,resolved_target_decision,280,0.113710395084046,12.8311415801379,3.30436071198083,3.304360712,-6.93889390390723e-17
T147_BMI_Smoking_PVD,Smoking,PVD,R2,S1,Q2,mediator_out_of_library,boundary_unresolved,Downstream surrogate of exposure,TRUE,boundary_unresolved,mediator_like_pathway,conditional,estimated,conditional_supported,not_supported,conditional_supported,not_supported,Overadjustment,resolved_target_consequence_boundary_role,292,0.183811898984328,12.8002968017655,3.26330437620584,3.263304376,-8.32667268468867e-17
T148_BMI_Smoking_PE,Smoking,PE,R2,S1,Q2,downstream_surrogate_of_exposure,downstream_surrogate_of_exposure,Downstream surrogate of exposure,FALSE,resolved_six_role,,conditional,estimated,conditional_supported,not_supported,not_supported,not_supported,Unnecessary,resolved_target_decision,292,0.118668402169984,12.8002968017655,3.26330437620584,3.263304376,-6.93889390390723e-17
T149_BMI_Smoking_SAH,Smoking,SAH,R2,S1,Q2,downstream_surrogate_of_exposure,downstream_surrogate_of_exposure,Downstream surrogate of exposure,FALSE,resolved_six_role,,conditional,estimated,conditional_supported,not_supported,not_supported,not_supported,Unnecessary,resolved_target_decision,292,0.11585599492853,12.8002968017655,3.26330437620584,3.263304376,6.93889390390723e-17
T150_BMI_Smoking_ICH,Smoking,ICH,R2,S1,Q2,downstream_surrogate_of_exposure,downstream_surrogate_of_exposure,Downstream surrogate of exposure,FALSE,resolved_six_role,,conditional,estimated,conditional_supported,not_supported,not_supported,not_supported,Unnecessary,resolved_target_decision,292,-0.00741944363664504,12.8002968017655,3.26330437620584,3.263304376,-7.63278329429795e-17
T151_BMI_Smoking_DVT,Smoking,DVT,R2,S1,Q2,downstream_surrogate_of_exposure,downstream_surrogate_of_exposure,Downstream surrogate of exposure,FALSE,resolved_six_role,,conditional,estimated,conditional_supported,not_supported,not_supported,not_supported,Unnecessary,resolved_target_decision,292,0.0523074359241542,12.8002968017655,3.26330437620584,3.263304376,-2.08166817117217e-17
T152_BMI_Smoking_AVS,Smoking,AVS,R2,S1,Q2,downstream_surrogate_of_exposure,downstream_surrogate_of_exposure,Downstream surrogate of exposure,FALSE,resolved_six_role,,conditional,estimated,conditional_supported,not_supported,not_supported,not_supported,Unnecessary,resolved_target_decision,260,0.0663607157520698,9.44319225268945,2.86788509677322,2.867885097,1.38777878078145e-16
T153_BMI_Smoking_AF,Smoking,AF,R2,S1,Q2,collider,collider,Collider,FALSE,resolved_six_role,,conditional,estimated,conditional_supported,not_supported,not_supported,conditional_supported,Overadjustment,resolved_target_decision,292,0.0257684203268741,12.8002968017655,3.26330437620584,3.263304376,-1.2490009027033e-16
T154_BMI_Smoking_HTN,Smoking,HTN,R2,S1,Q2,downstream_surrogate_of_exposure,downstream_surrogate_of_exposure,Downstream surrogate of exposure,FALSE,resolved_six_role,,conditional,estimated,conditional_supported,not_supported,not_supported,not_supported,Unnecessary,resolved_target_decision,292,0.0409333291726556,12.8002968017655,3.26330437620584,3.263304376,1.38777878078145e-17
T155_BMI_Alcohol_CAD,Alcohol,CAD,R2,S1,Q2,mediator_out_of_library,boundary_unresolved,Downstream surrogate of exposure,TRUE,boundary_unresolved,mediator_like_pathway,conditional,estimated,conditional_supported,not_supported,conditional_supported,not_supported,Overadjustment,resolved_target_consequence_boundary_role,290,-0.00226926074983891,22.1553293835189,1.75048464126736,1.750484641,2.47198095326695e-17
T156_BMI_Alcohol_HF,Alcohol,HF,R2,S1,Q2,collider,collider,Collider,FALSE,resolved_six_role,,conditional,estimated,conditional_supported,not_supported,not_supported,conditional_supported,Overadjustment,resolved_target_decision,290,0.0129372468075301,22.1553293835189,1.75048464126736,1.750484641,1.90819582357449e-17
T157_BMI_Alcohol_IS,Alcohol,IS,R2,S3,Q2,downstream_surrogate_of_exposure,boundary_unresolved,Downstream surrogate of exposure,FALSE,boundary_unresolved,insufficiently_informative,marginal_unresolved,error,robust_supported,not_supported,not_supported,not_estimable,Unnecessary,resolved_by_simplified_freeze_rule,253,-0.0138260427068514,9.59321530732858,1.62200082624225,1.622000826,1.66533453693773e-16
T158_BMI_Alcohol_TIA,Alcohol,TIA,R2,S3,Q2,downstream_surrogate_of_exposure,boundary_unresolved,Downstream surrogate of exposure,FALSE,boundary_unresolved,insufficiently_informative,marginal_unresolved,error,robust_supported,not_supported,not_supported,not_estimable,Unnecessary,resolved_by_simplified_freeze_rule,290,0.0214417440674972,22.1553293835189,1.75048464126736,1.750484641,-4.16333634234434e-17
T159_BMI_Alcohol_AAA,Alcohol,AAA,R2,S1,Q2,mediator_out_of_library,boundary_unresolved,Downstream surrogate of exposure,TRUE,boundary_unresolved,mediator_like_pathway,conditional,estimated,conditional_supported,not_supported,conditional_supported,not_supported,Overadjustment,resolved_target_consequence_boundary_role,278,-0.0206078928487298,22.461782074637,1.74789900846207,1.747899008,-1.2490009027033e-16
T160_BMI_Alcohol_TAA,Alcohol,TAA,R2,S1,Q2,downstream_surrogate_of_exposure,downstream_surrogate_of_exposure,Downstream surrogate of exposure,FALSE,resolved_six_role,,conditional,estimated,conditional_supported,not_supported,not_supported,not_supported,Unnecessary,resolved_target_decision,278,0.0811496464225205,22.2289142840488,1.76734044701848,1.767340447,-1.38777878078145e-16
T161_BMI_Alcohol_PVD,Alcohol,PVD,R2,S1,Q2,mediator_out_of_library,boundary_unresolved,Downstream surrogate of exposure,TRUE,boundary_unresolved,mediator_like_pathway,conditional,estimated,conditional_supported,not_supported,conditional_supported,not_supported,Overadjustment,resolved_target_consequence_boundary_role,290,0.0298538276309471,22.1553293835189,1.75048464126736,1.750484641,-3.46944695195361e-18
T162_BMI_Alcohol_PE,Alcohol,PE,R2,S1,Q2,downstream_surrogate_of_exposure,downstream_surrogate_of_exposure,Downstream surrogate of exposure,FALSE,resolved_six_role,,conditional,estimated,conditional_supported,not_supported,not_supported,not_supported,Unnecessary,resolved_target_decision,290,0.043667399798169,22.1553293835189,1.75048464126736,1.750484641,-4.85722573273506e-17
T163_BMI_Alcohol_SAH,Alcohol,SAH,R2,S1,Q2,downstream_surrogate_of_exposure,downstream_surrogate_of_exposure,Downstream surrogate of exposure,FALSE,resolved_six_role,,conditional,estimated,conditional_supported,not_supported,not_supported,not_supported,Unnecessary,resolved_target_decision,290,-0.0659337812963843,22.1553293835189,1.75048464126736,1.750484641,2.77555756156289e-17
T164_BMI_Alcohol_ICH,Alcohol,ICH,R2,S1,Q2,downstream_surrogate_of_exposure,downstream_surrogate_of_exposure,Downstream surrogate of exposure,FALSE,resolved_six_role,,conditional,estimated,conditional_supported,not_supported,not_supported,not_supported,Unnecessary,resolved_target_decision,290,0.0837262739017453,22.1553293835189,1.75048464126736,1.750484641,-2.77555756156289e-17
T165_BMI_Alcohol_DVT,Alcohol,DVT,R2,S1,Q2,downstream_surrogate_of_exposure,downstream_surrogate_of_exposure,Downstream surrogate of exposure,FALSE,resolved_six_role,,conditional,estimated,conditional_supported,not_supported,not_supported,not_supported,Unnecessary,resolved_target_decision,290,0.0247299920901959,22.1553293835189,1.75048464126736,1.750484641,5.89805981832114e-17
T166_BMI_Alcohol_AVS,Alcohol,AVS,R2,S1,Q2,mediator_out_of_library,boundary_unresolved,Downstream surrogate of exposure,TRUE,boundary_unresolved,mediator_like_pathway,conditional,estimated,conditional_supported,not_supported,conditional_supported,not_supported,Overadjustment,resolved_target_consequence_boundary_role,258,0.0184448887657604,22.8871720160292,1.79406146352361,1.794061464,-6.93889390390723e-17
T167_BMI_Alcohol_AF,Alcohol,AF,R2,S1,Q2,collider,collider,Collider,FALSE,resolved_six_role,,conditional,estimated,conditional_supported,not_supported,not_supported,conditional_supported,Overadjustment,resolved_target_decision,290,-0.01023424512737,22.1553293835189,1.75048464126736,1.750484641,-7.28583859910259e-17
T168_BMI_Alcohol_HTN,Alcohol,HTN,R2,S1,Q2,mediator_out_of_library,boundary_unresolved,Downstream surrogate of exposure,TRUE,boundary_unresolved,mediator_like_pathway,conditional,estimated,conditional_supported,not_supported,conditional_supported,not_supported,Overadjustment,resolved_target_consequence_boundary_role,290,0.00754859424642551,22.1553293835189,1.75048464126736,1.750484641,-4.25007251614318e-17
