simulation_module,S,residual_mode,beta_x_star,alpha_z_star,delta_xz,delta_struct,delta_scale_target,delta_scale_observed,delta_total,decomposition_error,S_num,S_facet,abs_decomposition_error,abs_decomposition_error_e16
binary_common_scale_exact,0.75,No scale residual,0.1,0.3,0.800661954926258,0.320264781970503,0,0,0.320264781970503,-5.55111512312578e-17,0.75,S = 0.75,5.55111512312578e-17,0.555111512312578
binary_common_scale_exact,0.75,Reinforce,0.1,0.3,0.800661954926258,0.320264781970503,0.160132390985252,0.160132390985252,0.480397172955755,3.33066907387547e-16,0.75,S = 0.75,3.33066907387547e-16,3.33066907387547
binary_common_scale_exact,0.75,Partial offset,0.1,0.3,0.800661954926258,0.320264781970503,-0.160132390985252,-0.160132390985252,0.160132390985252,-1.66533453693773e-16,0.75,S = 0.75,1.66533453693773e-16,1.66533453693773
binary_common_scale_exact,0.75,Exact offset,0.1,0.3,0.800661954926258,0.320264781970503,-0.320264781970503,-0.320264781970503,-3.33066907387547e-16,-3.33066907387547e-16,0.75,S = 0.75,3.33066907387547e-16,3.33066907387547
binary_common_scale_exact,0.75,Scale only,0.1,0,0.800661954926258,0,0.05,0.05,0.05,-1.38777878078145e-17,0.75,S = 0.75,1.38777878078145e-17,0.138777878078145
binary_common_scale_exact,1,No scale residual,0.1,0.3,0.800661954926258,0.240198586477878,0,0,0.240198586477878,1.94289029309402e-16,1,S = 1.00,1.94289029309402e-16,1.94289029309402
binary_common_scale_exact,1,Reinforce,0.1,0.3,0.800661954926258,0.240198586477878,0.120099293238939,0.120099293238939,0.360297879716816,1.66533453693773e-16,1,S = 1.00,1.66533453693773e-16,1.66533453693773
binary_common_scale_exact,1,Partial offset,0.1,0.3,0.800661954926258,0.240198586477878,-0.120099293238939,-0.120099293238939,0.120099293238939,-1.52655665885959e-16,1,S = 1.00,1.52655665885959e-16,1.52655665885959
binary_common_scale_exact,1,Exact offset,0.1,0.3,0.800661954926258,0.240198586477878,-0.240198586477878,-0.240198586477878,-1.66533453693773e-16,-1.66533453693773e-16,1,S = 1.00,1.66533453693773e-16,1.66533453693773
binary_common_scale_exact,1,Scale only,0.1,0,0.800661954926258,0,0.05,0.05,0.0500000000000001,9.020562075079399e-17,1,S = 1.00,9.020562075079399e-17,0.9020562075079399
binary_common_scale_exact,1.5,No scale residual,0.1,0.3,0.800661954926258,0.160132390985252,0,0,0.160132390985252,-2.77555756156289e-17,1.5,S = 1.50,2.77555756156289e-17,0.277555756156289
binary_common_scale_exact,1.5,Reinforce,0.1,0.3,0.800661954926258,0.160132390985252,0.0800661954926258,0.0800661954926258,0.240198586477878,1.66533453693773e-16,1.5,S = 1.50,1.66533453693773e-16,1.66533453693773
binary_common_scale_exact,1.5,Partial offset,0.1,0.3,0.800661954926258,0.160132390985252,-0.0800661954926258,-0.0800661954926258,0.0800661954926258,-8.32667268468867e-17,1.5,S = 1.50,8.32667268468867e-17,0.8326672684688671
binary_common_scale_exact,1.5,Exact offset,0.1,0.3,0.800661954926258,0.160132390985252,-0.160132390985252,-0.160132390985252,-1.66533453693773e-16,-1.66533453693773e-16,1.5,S = 1.50,1.66533453693773e-16,1.66533453693773
binary_common_scale_exact,1.5,Scale only,0.1,0,0.800661954926258,0,0.05,0.05,0.0500000000000001,8.32667268468867e-17,1.5,S = 1.50,8.32667268468867e-17,0.8326672684688671
