scenario_id,role,outcome_type,sample_design,beta_x_target,instrument_config,error_interpretation,n_requested,n_converged,failure_rate,failure_gt_1pct,mean_beta_unadj,mean_beta_adj,mcse_mean_beta_unadj,mcse_mean_beta_adj,bias_unadj,bias_adj,mcse_bias_unadj,mcse_bias_adj,empirical_var_unadj,empirical_var_adj,empirical_sd_unadj,empirical_sd_adj,primary_se_method,mean_model_se_unadj,mean_model_se_adj,median_model_se_unadj,median_model_se_adj,mean_fixed_se_unadj,mean_fixed_se_adj,mean_weighted_lm_se_unadj,mean_weighted_lm_se_adj,variance_ratio_adj_over_unadj,relative_efficiency_unadj_over_adj,rmse_unadj,rmse_adj,coverage_unadj,coverage_adj,type1_error_unadj,type1_error_adj,power_unadj,power_adj,rejection_ci_lower_unadj,rejection_ci_upper_unadj,rejection_ci_lower_adj,rejection_ci_upper_adj,mean_F_x_given_z,mean_F_z_given_x,median_F_min,median_F_min_package,mean_response,mean_role_predicted_response,mean_role_response_error,rmse_role_response_error,mean_rho_w,mean_delta_xz,median_condition_number,max_abs_identity_error,role_label,config_label,structural_group
collider__continuous__bx0.10__all_direct_classes__two_sample,collider,continuous,two_sample,0.1,all_direct_classes,continuous-outcome bias,2000,2000,0,FALSE,0.0965448611821168,0.0966547843732289,3.8896805543261e-4,4.1560361600833e-4,-0.00345513881788318,-0.00334521562677109,3.8896805543261e-4,4.1560361600833e-4,3.0259229629406e-4,3.454527312784e-4,0.0173951802604647,0.018586358741787,weighted_lm,0.0175669029026588,0.0186807744898846,0.0175496380532866,0.0186700597475379,0.0174288997340529,0.0185335044857673,0.0175669029026588,0.0186807744898846,1.14164417108189,0.875929668219073,0.0177307355853264,0.0188804256440991,0.9465,0.9425,NA,NA,1,0.999,0.998082952718747,1,0.996361065730962,0.999725721082348,27.0650465010642,24.1536193141028,24.0964925651954,23.8560027608169,-1.0992319111208e-4,0,-1.0992319111208e-4,0.00634695052462148,0.338656790495206,0.360511752988009,2.05592629186939,8.67361737988404e-17,Collider,All direct classes,Structural-zero role-predicted response
collider__continuous__bx0.10__no_direct_shared__two_sample,collider,continuous,two_sample,0.1,no_direct_shared,continuous-outcome bias,2000,2000,0,FALSE,0.0956024799804112,0.0959021337315703,4.5967196050867e-4,4.8223176160881e-4,-0.0043975200195888,-0.00409786626842969,4.5967196050867e-4,4.8223176160881e-4,4.2259662255578e-4,4.6509494380867e-4,0.0205571550209601,0.0215660599973355,weighted_lm,0.0205657793639607,0.0216924576626591,0.0205474165205,0.0216479407778925,0.0204773800328713,0.021597930175824,0.0205657793639607,0.0216924576626591,1.10056474421369,0.908624417834193,0.0210172192872224,0.0219466376534244,0.9475,0.9495,NA,NA,0.996,0.9945,0.992126535703962,0.997971753393035,0.990177937248385,0.996926102990456,21.0965662326268,18.3063986380707,18.2784968120122,18.0950633974373,-2.996537511591e-4,0,-2.996537511591e-4,0.00686783991554473,0.315986303726395,0.334004420214322,1.95004332667599,8.67361737988404e-17,Collider,No direct-shared,Structural-zero role-predicted response
collider__continuous__bx0.10__no_direct_x__two_sample,collider,continuous,two_sample,0.1,no_direct_x,continuous-outcome bias,2000,2000,0,FALSE,0.0942807251584138,0.0943675814374566,5.0229058324617e-4,5.2531813386271e-4,-0.00571927484158619,-0.00563241856254336,5.0229058324617e-4,5.2531813386271e-4,5.0459166003557e-4,5.5191828353001e-4,0.0224631177719295,0.0234929411426073,weighted_lm,0.0228373882878485,0.0241207685169105,0.022780150560997,0.0240247626524833,0.022807452087053,0.0240869087267474,0.0228373882878485,0.0241207685169105,1.09379192571495,0.914250669153876,0.0231743277986473,0.0241529804217188,0.9485,0.947,NA,NA,0.988,0.977,0.98220611612952,0.991922845723977,0.969458792871765,0.98271234402192,17.297712977293,30.800231608145,17.291639689716,17.109491295565,-8.68562790428303e-5,0,-8.68562790428303e-5,0.00771139488816622,0.319826881352125,0.523152732448014,3.33066287453057,1.17310675062932e-16,Collider,No direct-X,Structural-zero role-predicted response
collider__continuous__bx0.10__no_direct_z__two_sample,collider,continuous,two_sample,0.1,no_direct_z,continuous-outcome bias,2000,2000,0,FALSE,0.0970460147441239,0.0970383950933536,3.2530347650189e-4,3.8596271727842e-4,-0.00295398525587612,-0.00296160490664638,3.2530347650189e-4,3.8596271727842e-4,2.1164470364843e-4,2.9793443825788e-4,0.0145480137355048,0.0172607774523016,weighted_lm,0.0147299014597628,0.017435570429978,0.0147329818155946,0.0174028176379617,0.0146586188875645,0.0173474641169075,0.0147299014597628,0.017435570429978,1.4077103424841,0.710373412640671,0.0148413244081701,0.0175087570850083,0.9435,0.945,NA,NA,1,1,0.998082952718747,1,0.998082952718747,1,25.4060949948931,15.3149111566574,15.3065122068836,15.1530320378101,7.61965077025924e-6,0,7.61965077025924e-6,0.00914853981265024,0.53380124470387,0.404360502203105,3.7748673432058,1.07552855510562e-16,Collider,No direct-Z,Structural-zero role-predicted response
confounder__continuous__bx0.10__all_direct_classes__two_sample,confounder,continuous,two_sample,0.1,all_direct_classes,continuous-outcome bias,2000,2000,0,FALSE,0.181272694937496,0.0953112523585289,4.2910542447331e-4,4.5107549392552e-4,0.081272694937496,-0.00468874764147108,4.2910542447331e-4,4.5107549392552e-4,3.6826293062484e-4,4.0693820244031e-4,0.0191901779727246,0.0201727093480353,weighted_lm,0.0324503044724583,0.0202111308005237,0.032413572712587,0.0201187291532331,0.0181216403261457,0.0190917120040708,0.0324503044724583,0.0202111308005237,1.10502081148881,0.904960331609216,0.0835064652680427,0.0207055327819521,0.179,0.9365,NA,NA,1,0.998,0.998082952718747,1,0.994868648214923,0.999221972692949,26.5861671163099,27.1512419185315,26.2842140612467,26.019622150767,0.0859614425789671,0.0892337977218405,-0.00327235514287341,0.0100455435014334,0.313194804484157,0.298106506402251,1.9354369218128,1.3877787807814499e-16,Confounder,All direct classes,Non-zero role-predicted response
confounder__continuous__bx0.10__no_direct_shared__two_sample,confounder,continuous,two_sample,0.1,no_direct_shared,continuous-outcome bias,2000,2000,0,FALSE,0.174230434670864,0.09455726418897,4.9443733157653e-4,5.1315791117992e-4,0.0742304346708645,-0.00544273581102997,4.9443733157653e-4,5.1315791117992e-4,4.8893654971305e-4,5.2666208361309e-4,0.0221119096803749,0.0229491194518024,weighted_lm,0.0345503969318297,0.0235468076303185,0.0344327144648409,0.0235682096181598,0.0213598415885455,0.0223461409534348,0.0345503969318297,0.0235468076303185,1.0771583427792,0.928368616093972,0.0774522402055853,0.0235801214093557,0.403,0.948,NA,NA,1,0.981,0.998082952718747,1,0.974029585433736,0.986126215081699,20.3102950453899,21.0013434442828,20.1068393768376,19.9049708875381,0.0796731704818945,0.0826388477668734,-0.00296567728497888,0.0109469503633471,0.291894613154463,0.279448472003217,1.84219178182494,1.52655665885959e-16,Confounder,No direct-shared,Non-zero role-predicted response
confounder__continuous__bx0.10__no_direct_x__two_sample,confounder,continuous,two_sample,0.1,no_direct_x,continuous-outcome bias,2000,2000,0,FALSE,0.295734264764795,0.0934888191643868,5.4430056211353e-4,6.0766334911598e-4,0.195734264764795,-0.00651118083561319,5.4430056211353e-4,6.0766334911598e-4,5.9252620383422e-4,7.3850949171772e-4,0.0243418611415443,0.0271755311211708,weighted_lm,0.0411769352507105,0.0269348572863869,0.04113973164879,0.0268653942117689,0.0217409102062674,0.0253258156988597,0.0411769352507105,0.0269348572863869,1.24637439988113,0.80232713388158206,0.19724130486221,0.0279380692397653,0,0.937,NA,NA,1,0.9245,0.998082952718747,1,0.912090021401007,0.935282405457209,16.9502652086948,26.6354735402597,16.9378029176163,16.7689845083524,0.202245445600408,0.212158408065361,-0.0099129624649528,0.0193227693386787,0.511877587568137,0.690920531777753,3.65492185086394,2.4980018054066e-16,Confounder,No direct-X,Non-zero role-predicted response
confounder__continuous__bx0.10__no_direct_z__two_sample,confounder,continuous,two_sample,0.1,no_direct_z,continuous-outcome bias,2000,2000,0,FALSE,0.148405461453941,0.0969220003250016,3.5999163301969e-4,3.8417885095255e-4,0.0484054614539413,-0.0030779996749984,3.5999163301969e-4,3.8417885095255e-4,2.5918795168837e-4,2.9518677903844e-4,0.0160993152552638,0.0171810005249534,weighted_lm,0.0231376793192842,0.0168414009337888,0.0231352456591095,0.0168041981568364,0.0153288160303117,0.0160592654250173,0.0231376793192842,0.0168414009337888,1.13889082079463,0.878047291049615,0.0510112444102428,0.0174503085258748,0.4265,0.94,NA,NA,1,1,0.998082952718747,1,0.998082952718747,1,33.2220212700796,17.2948020816671,17.3200231537782,17.134323465156,0.0514834611289397,0.0538892062385571,-0.00240574510961739,0.00710822710082202,0.296506473204446,0.183157611766632,3.17645665800937,1.17961196366423e-16,Confounder,No direct-Z,Non-zero role-predicted response
downstream_surrogate_exposure__continuous__bx0.10__all_direct_classes__two_sample,downstream_surrogate_exposure,continuous,two_sample,0.1,all_direct_classes,continuous-outcome bias,2000,2000,0,FALSE,0.0970736183102327,0.097257857540379,3.914257831384e-4,4.1246003445222e-4,-0.00292638168976726,-0.00274214245962102,3.914257831384e-4,4.1246003445222e-4,3.0642828741103e-4,3.4024656004065e-4,0.0175050931848714,0.0184457735007414,weighted_lm,0.0174995790302631,0.0184330452574126,0.0174995690092516,0.0184367623748382,0.0174054175102795,0.0183363562080887,0.0174995790302631,0.0184330452574126,1.11036276355342,0.900606570054423,0.0177436969953144,0.0186439207794254,0.9485,0.9485,NA,NA,1,0.9985,0.998082952718747,1,0.995598967444229,0.999489736416362,27.1071893100614,26.6928447862764,26.3513732996431,26.0825540893486,-1.8423923014624e-4,0,-1.8423923014624e-4,0.0058590700024887,0.312982024522259,0.329360337526051,1.93522484325241,9.714451465470121e-17,Downstream surrogate of exposure,All direct classes,Structural-zero role-predicted response
downstream_surrogate_exposure__continuous__bx0.10__no_direct_shared__two_sample,downstream_surrogate_exposure,continuous,two_sample,0.1,no_direct_shared,continuous-outcome bias,2000,2000,0,FALSE,0.0951542805667423,0.0955337848753193,4.5630274323714e-4,4.7924740109458e-4,-0.00484571943325768,-0.0044662151246807,4.5630274323714e-4,4.7924740109458e-4,4.1642438697148e-4,4.5935614291182e-4,0.0204064790439577,0.021432595337752,weighted_lm,0.0205662774490978,0.0215022150863196,0.0205508961469081,0.0215012289980672,0.0204980976841469,0.0214359132988671,0.0205662774490978,0.0215022150863196,1.10309616171274,0.906539279809777,0.0209689573323008,0.0218877486823177,0.9425,0.9385,NA,NA,0.998,0.9975,0.994868648214923,0.999221972692949,0.994160846683567,0.998931691271586,20.9942278655111,20.2666702921591,20.043445694832702,19.8410246603482,-3.7950430857697e-4,0,-3.7950430857697e-4,0.00644216555803113,0.290471100567593,0.303806280948229,1.83940930209499,1.00613961606655e-16,Downstream surrogate of exposure,No direct-shared,Structural-zero role-predicted response
downstream_surrogate_exposure__continuous__bx0.10__no_direct_x__two_sample,downstream_surrogate_exposure,continuous,two_sample,0.1,no_direct_x,continuous-outcome bias,2000,2000,0,FALSE,0.0943198129790846,0.0944482928754258,4.9817393380169e-4,5.2130186748864e-4,-0.00568018702091536,-0.00555170712457425,4.9817393380169e-4,5.2130186748864e-4,4.963545366389e-4,5.4351127409429e-4,0.0222790156119813,0.0233133282500439,weighted_lm,0.0228410486044403,0.0239899158807273,0.0227942569369732,0.0239393995278867,0.0227956153555098,0.0239431335034204,0.0228410486044403,0.0239899158807273,1.09500615784579,0.913236873450381,0.0229863194958036,0.0239595694964307,0.947,0.9465,NA,NA,0.9855,0.975,0.979253224436694,0.98988532265321,0.967193228586802,0.980985576496007,17.2130837235523,33.4877927477432,17.2091236783149,17.0257076521675,-1.2847989634111e-4,0,-1.2847989634111e-4,0.00739033027918866,0.304094334428026,0.493527625654741,3.21358137231458,1.05818132034585e-16,Downstream surrogate of exposure,No direct-X,Structural-zero role-predicted response
downstream_surrogate_exposure__continuous__bx0.10__no_direct_z__two_sample,downstream_surrogate_exposure,continuous,two_sample,0.1,no_direct_z,continuous-outcome bias,2000,2000,0,FALSE,0.0969312722821231,0.0972918650225479,3.3204060642135e-4,3.9013239319636e-4,-0.00306872771787695,-0.00270813497745211,3.3204060642135e-4,3.9013239319636e-4,2.2050192862532e-4,3.0440656844225e-4,0.0148493073449681,0.0174472510282351,weighted_lm,0.0147506478968942,0.0171131820710479,0.0147472277202584,0.0171188604144195,0.0146509914418636,0.0170013644074603,0.0147506478968942,0.0171131820710479,1.38051658024042,0.724366526496806,0.0151594448271524,0.0176518656298457,0.9435,0.9345,NA,NA,1,1,0.998082952718747,1,0.998082952718747,1,26.7738117511568,16.9694109002195,16.9612269089078,16.7916718711736,-3.6059274042484e-4,0,-3.6059274042484e-4,0.00888203149083876,0.506224077759012,0.374183133581292,3.61542864454018,9.714451465470121e-17,Downstream surrogate of exposure,No direct-Z,Structural-zero role-predicted response
downstream_surrogate_outcome__continuous__bx0.10__all_direct_classes__two_sample,downstream_surrogate_outcome,continuous,two_sample,0.1,all_direct_classes,continuous-outcome bias,2000,2000,0,FALSE,0.0950194019534431,0.0950790057189904,3.8835609997281e-4,3.8861165465149e-4,-0.00498059804655693,-0.00492099428100964,3.8835609997281e-4,3.8861165465149e-4,3.0164092077218e-4,3.0203803626194e-4,0.0173678127803182,0.0173792415329884,weighted_lm,0.0174907108516746,0.0175318899176865,0.0174440941643973,0.0174987071967149,0.0174201923859159,0.0174612654520708,0.0174907108516746,0.0175318899176865,1.00131651729728,0.9986852136417,0.0180636778429301,0.0180583277730123,0.943,0.944,NA,NA,1,1,0.998082952718747,1,0.998082952718747,1,26.6918414127318,24.1643980893577,24.1409300118574,23.9003852260258,-5.96037655472945e-5,0,-5.96037655472945e-5,0.00120421000441385,0.060830444304547,0.0610335889586657,1.14401929264049,9.28077059647592e-17,Downstream surrogate of outcome,All direct classes,Structural-zero role-predicted response
downstream_surrogate_outcome__continuous__bx0.10__no_direct_shared__two_sample,downstream_surrogate_outcome,continuous,two_sample,0.1,no_direct_shared,continuous-outcome bias,2000,2000,0,FALSE,0.0949159072492431,0.0949752343263917,4.6612821927807e-4,4.6661337957927e-4,-0.00508409275075693,-0.00502476567360831,4.6612821927807e-4,4.6661337957927e-4,4.3455103361469e-4,4.3545609200478e-4,0.0208458876907341,0.0208675847190034,weighted_lm,0.0205388442532243,0.0205692164332492,0.0205515180005031,0.020579443825358,0.0205066157205131,0.0205328347957209,0.0205388442532243,0.0205692164332492,1.0020827436137,0.997921585191471,0.0214518474075356,0.021458952305121,0.936,0.938,NA,NA,0.9965,0.9965,0.992792803746758,0.998303568302958,0.992792803746758,0.998303568302958,20.3801535261016,18.3281234676551,18.3168719694066,18.1335588176565,-5.93270771486248e-5,0,-5.93270771486248e-5,9.9639247405154e-4,0.0367203672830904,0.0369261447695396,1.11137154145588,1.01915004213637e-16,Downstream surrogate of outcome,No direct-shared,Structural-zero role-predicted response
downstream_surrogate_outcome__continuous__bx0.10__no_direct_x__two_sample,downstream_surrogate_outcome,continuous,two_sample,0.1,no_direct_x,continuous-outcome bias,2000,2000,0,FALSE,0.0937295511229269,0.0937947487565677,5.1305698650907e-4,5.1832124394101e-4,-0.00627044887707313,-0.00620525124343231,5.1305698650907e-4,5.1832124394101e-4,5.2645494281154e-4,5.3731382384112e-4,0.0229446059633096,0.0231800307126874,weighted_lm,0.022837138213271,0.023088239723885,0.0228135751106635,0.0230989232546655,0.0227855890458083,0.02303970520656,0.022837138213271,0.023088239723885,1.02062642050922,0.979790430568194,0.023780459298763,0.0239906296274884,0.9355,0.9375,NA,NA,0.985,0.981,0.978667562174291,0.989472901962893,0.974029585433736,0.986126215081699,16.9806059161681,30.7981758948775,16.9609166017197,16.7904806530229,-6.51976336408235e-5,0,-6.51976336408235e-5,0.00343302791723005,0.143986629451865,0.22522112705499,2.57511516105159,1.45716771982052e-16,Downstream surrogate of outcome,No direct-X,Structural-zero role-predicted response
downstream_surrogate_outcome__continuous__bx0.10__no_direct_z__two_sample,downstream_surrogate_outcome,continuous,two_sample,0.1,no_direct_z,continuous-outcome bias,2000,2000,0,FALSE,0.0972014416752758,0.0972372954098977,3.3249844266113e-4,3.3782359882415e-4,-0.00279855832472419,-0.00276270459010234,3.3249844266113e-4,3.3782359882415e-4,2.2111042874415e-4,2.2824956784501e-4,0.0148697824040621,0.0151079306274887,weighted_lm,0.0147430423224104,0.0149432467412675,0.014688090001828,0.014872277233195,0.0146463163586065,0.0148451228822827,0.0147430423224104,0.0149432467412675,1.03228766341508,0.968722222923532,0.0151271875187249,0.0153547380216421,0.9405,0.943,NA,NA,1,1,0.998082952718747,1,0.998082952718747,1,32.9578652603821,15.3189799389855,15.3010908540531,15.1482216751019,-3.58537346218452e-5,0,-3.58537346218452e-5,0.00243061999801662,0.159619738559388,0.103436507539388,2.54141130596648,8.28330459778925e-17,Downstream surrogate of outcome,No direct-Z,Structural-zero role-predicted response
independent_cause__continuous__bx0.10__all_direct_classes__two_sample,independent_cause,continuous,two_sample,0.1,all_direct_classes,continuous-outcome bias,2000,2000,0,FALSE,0.104645065700044,0.0961247333751702,4.5660327188167e-4,4.4966571238362e-4,0.00464506570004425,-0.00387526662482977,4.5660327188167e-4,4.4966571238362e-4,4.169730957861e-4,4.0439850578694e-4,0.020419919093525,0.020109662000813,weighted_lm,0.0351736285900334,0.0198832703507424,0.0352005032694356,0.0198497891734678,0.0188466429232605,0.0188641300150264,0.0351736285900334,0.0198832703507424,0.969843162241779,1.03109455109063,0.0209366005978989,0.020474716065127,0.9985,0.9395,NA,NA,0.957,0.9975,0.947198891329547,0.965048927455387,0.994160846683567,0.998931691271586,26.5683837980225,26.6258712838512,26.0578603984342,25.7981005187397,0.00852033232487402,0.00853301215525074,-1.26798303767254e-5,0.00901891523374237,0.0296502546250093,0.0296977290740777,1.09454376162736,8.67361737988404e-17,Independent cause,All direct classes,Non-zero role-predicted response
independent_cause__continuous__bx0.10__no_direct_shared__two_sample,independent_cause,continuous,two_sample,0.1,no_direct_shared,continuous-outcome bias,2000,2000,0,FALSE,0.0956518892267304,0.0946159385851462,5.1311515231207e-4,5.1012864217548e-4,-0.00434811077326958,-0.00538406141485379,5.1311515231207e-4,5.1012864217548e-4,5.2657431906449e-4,5.204624631356e-4,0.0229472072170993,0.0228136464234809,weighted_lm,0.0368117875582772,0.0231777071108268,0.0367910260082113,0.0231193196842011,0.0220793443759779,0.02209259075501,0.0368117875582772,0.0231777071108268,0.988393175079722,1.01174312531988,0.0233498843509253,0.023434810629125,0.999,0.9395,NA,NA,0.8435,0.9895,0.826919850874713,0.858763137643066,0.984001098092527,0.993122112619127,20.3015576366185,20.2859365221186,19.8461424740214,19.6477653689248,0.00103595064158421,0,0.00103595064158421,0.0099086091849887,0.00376811650687314,0.00382027263676499,1.08266141858007,1.11022302462516e-16,Independent cause,No direct-shared,Non-zero role-predicted response
independent_cause__continuous__bx0.10__no_direct_x__two_sample,independent_cause,continuous,two_sample,0.1,no_direct_x,continuous-outcome bias,2000,2000,0,FALSE,0.150052973730026,0.0937912010370043,6.1829268422528e-4,6.0059709303535e-4,0.0500529737300264,-0.00620879896299572,6.1829268422528e-4,6.0059709303535e-4,7.64571686733e-4,7.2143373632503e-4,0.0276508894383709,0.0268595185423164,weighted_lm,0.0523563527182186,0.0263894358501115,0.0522652806901823,0.0263895057773666,0.0247975182611807,0.0250035098435395,0.0523563527182186,0.0263894358501115,0.943578932941791,1.05979475069701,0.0571794506803655,0.0275612446021542,0.9695,0.936,NA,NA,0.958,0.944,0.948295599432427,0.965948385257945,0.933045995953012,0.953251666061235,16.9292439069283,33.5097241533908,16.9327786179875,16.7631383182569,0.0562617726930221,0.0596292391440824,-0.00336746645106029,0.0153820100765009,0.123745627534792,0.193027027708152,2.52366036300997,1.3877787807814499e-16,Independent cause,No direct-X,Non-zero role-predicted response
independent_cause__continuous__bx0.10__no_direct_z__two_sample,independent_cause,continuous,two_sample,0.1,no_direct_z,continuous-outcome bias,2000,2000,0,FALSE,0.118410063708168,0.0973946875336669,3.7626405405276e-4,3.8327510495867e-4,0.0184100637081677,-0.00260531246633311,3.7626405405276e-4,3.8327510495867e-4,2.8314927674444e-4,2.9379961216216e-4,0.0168270400470326,0.0171405837754191,weighted_lm,0.0245366234375714,0.0166388034346247,0.0244922963646281,0.0165960033255974,0.0157725022790005,0.0158874658268303,0.0245366234375714,0.0166388034346247,1.0376138535128001,0.963749661412611,0.0249386877731139,0.0173332156682859,0.9575,0.9455,NA,NA,1,1,0.998082952718747,1,0.998082952718747,1,33.2005773553508,16.97434959312,16.9649970874843,16.7958703994979,0.0210153761745008,0.0221570798609229,-0.00114170368642204,0.00616705541010556,0.115589913415128,0.0742568266890191,2.51119483913466,1.00613961606655e-16,Independent cause,No direct-Z,Non-zero role-predicted response
upstream_surrogate_exposure__continuous__bx0.10__all_direct_classes__two_sample,upstream_surrogate_exposure,continuous,two_sample,0.1,all_direct_classes,continuous-outcome bias,2000,2000,0,FALSE,0.0956889282890768,0.0958556180227049,3.7765254342086e-4,3.9227771255033e-4,-0.00431107171092321,-0.0041443819772951,3.7765254342086e-4,3.9227771255033e-4,2.8524288710448e-4,3.0776360752744e-4,0.0168891351792947,0.0175431926264134,weighted_lm,0.016660338695244,0.0175467410530789,0.0166311774677307,0.0174807927468288,0.0166019436958338,0.0174877051765435,0.016660338695244,0.0175467410530789,1.07895278529664,0.926824615152243,0.0174265775457391,0.0180218097786379,0.9375,0.94,NA,NA,1,1,0.998082952718747,1,0.998082952718747,1,26.5757734868084,27.1387989251013,26.2895483176626,26.0227574990025,-1.666897336281e-4,0,-1.666897336281e-4,0.00561713758340826,0.312612953545233,0.297057109114169,1.93492462802336,1.06468653338077e-16,Upstream surrogate of exposure,All direct classes,Structural-zero role-predicted response
upstream_surrogate_exposure__continuous__bx0.10__no_direct_shared__two_sample,upstream_surrogate_exposure,continuous,two_sample,0.1,no_direct_shared,continuous-outcome bias,2000,2000,0,FALSE,0.0953475464381859,0.095474345627191,4.4139787434488e-4,4.553171997113e-4,-0.00465245356181408,-0.00452565437280905,4.4139787434488e-4,4.553171997113e-4,3.8966416695236e-4,4.1462750470589e-4,0.0197399130431814,0.0203624041975866,weighted_lm,0.0197569828876014,0.0206672257051247,0.0196872679180091,0.020624825588590998,0.0196821131827396,0.0205843711257536,0.0197569828876014,0.0206672257051247,1.06406372428025,0.939793338670971,0.0202759625915448,0.0208542978413483,0.9415,0.9455,NA,NA,0.996,0.995,0.992126535703962,0.997971753393035,0.990820304050058,0.997281819141501,20.2801688563328,20.9581686016898,20.0649396679355,19.8635945248735,-1.2679918900503e-4,0,-1.2679918900503e-4,0.00589271932914739,0.290763014449169,0.278371573750471,1.83960898197898,9.9312918999672206e-017,Upstream surrogate of exposure,No direct-shared,Structural-zero role-predicted response
upstream_surrogate_exposure__continuous__bx0.10__no_direct_x__two_sample,upstream_surrogate_exposure,continuous,two_sample,0.1,no_direct_x,continuous-outcome bias,2000,2000,0,FALSE,0.0953859427316061,0.0943363820088066,4.5350493515993e-4,5.2649684729541e-4,-0.00461405726839388,-0.00566361799119343,4.5350493515993e-4,5.2649684729541e-4,4.1133345242883e-4,5.5439786042403e-4,0.020281357262985,0.0235456548098376,weighted_lm,0.0199518573494253,0.0232388399722812,0.019909708303873,0.023193196907731,0.019818688074325,0.0230892782656212,0.0199518573494253,0.0232388399722812,1.34780640171722,0.741946320128703,0.0207946461902731,0.0242115102842426,0.944,0.933,NA,NA,0.998,0.981,0.994868648214923,0.999221972692949,0.974029585433736,0.986126215081699,16.8865067953298,26.6036912216904,16.883318540697,16.7142761128433,0.00104956072279955,0,0.00104956072279955,0.0122041808566444,0.512049289105142,0.691487095939421,3.66054450043227,1.02348685082632e-16,Upstream surrogate of exposure,No direct-X,Structural-zero role-predicted response
upstream_surrogate_exposure__continuous__bx0.10__no_direct_z__two_sample,upstream_surrogate_exposure,continuous,two_sample,0.1,no_direct_z,continuous-outcome bias,2000,2000,0,FALSE,0.097104046321605,0.0970655632754405,3.2134648984744e-4,3.3897201334964e-4,-0.002895953678395,-0.00293443672455955,3.2134648984744e-4,3.3897201334964e-4,2.0652713307454e-4,2.2980405166862e-4,0.0143710519125967,0.0151592892863953,weighted_lm,0.014254681980155,0.0149293218166901,0.0142473941471253,0.0149096346098062,0.0141416725611756,0.0148135512675359,0.014254681980155,0.0149293218166901,1.112706346365,0.898709711926067,0.0146564121535736,0.0154369708341121,0.941,0.937,NA,NA,1,1,0.998082952718747,1,0.998082952718747,1,33.1851314994712,17.274787972891,17.2526105062113,17.068391744384,3.8483046164542e-5,0,3.8483046164542e-5,0.0045219092867861,0.295898103092776,0.182775150990171,3.1759316191618,9.367506770274761e-17,Upstream surrogate of exposure,No direct-Z,Structural-zero role-predicted response
